Filename,Rulename,original,gender,SglNom,SglArt,SglDat,SglVoc,PluNom,PluArt,PluDat,PluVoc
AnimalGroups,AnimalGroup,pack,f,haită,haita,haitei,haită,haite,haitele,haitelor,haitelor
AnimalGroups,AnimalGroup,pack,f,haită,haita,haitei,haită,haite,haitele,haitelor,haitelor
AnimalGroups,AnimalGroup,pack,f,haită,haita,haitei,haită,haite,haitele,haitelor,haitelor
AnimalGroups,AnimalGroup,group,n,grup,grupul,grupului,grupule,grupuri,grupurile,grupurilor,grupurilor
AnimalGroups,AnimalGroup,group,n,grup,grupul,grupului,grupule,grupuri,grupurile,grupurilor,grupurilor
AnimalGroups,AnimalGroup,group,n,grup,grupul,grupului,grupule,grupuri,grupurile,grupurilor,grupurilor
AnimalGroups,AnimalGroup,horde,f,hoardă,hoarda,hoardei,hoardă,hoarde,hoardele,hoardelor,hoardelor
AnimalGroups,AnimalGroup,gaggle,f,gașcă,gașca,găștii,gașcă,găști,găștile,găștilor,găștilor
AnimalGroups,AnimalGroup,multitude,f,multitudine,multitudinea,multitudinii,,multitudini,multitudinile,multitudinilor,
Animals,Animal,muffalo,,muffalo,,,,,,,
Animals,Animal,boomrat,,boomrat,,,,,,,
Animals,Animal,megascarab,,megascarab,,,,,,,
Animals,Animal,cobra,f,cobră,cobra,cobrei,cobră,cobre,cobrele,cobrelor,cobrelor
Animals,Animal,deer,n,cerb,cerbul,cerbului,,cerbi,cerbii,cerbilor,
Animals,Animal,boar,m,porc mistreț,porcul mistreț,porcului mistreț,porcule mistreț,porci mistreți,porcii mistreți,porcilor mistreți,porcilor mistreți
Animals,Animal,,f,scroafă mistreață,scroafa mistreață,scroafei mistreață,scroafă mistreață,scroafe mistrețe,scroafele mistrețe,scroafelor mistrețe,scroafelor mistrețe
Animals,Animal,squirrel,,veveriță,,,,,,,
Animals,Animal,iguana,,iguană,,,,,,,
Animals,Animal,aardvark,,aardvark,,,,,,,
Animals,Animal,alligator,,aligator,,,,,,,
Animals,Animal,alpaca,,alpaca,,,,,,,
Animals,Animal,ant,,furnică,,,,,,,
Animals,Animal,anteater,,furnicar,,,,,,,
Animals,Animal,antelope,,antilopă,,,,,,,
Animals,Animal,ape,,primată,,,,,,,
Animals,Animal,armadillo,,armadillo,,,,,,,
Animals,Animal,donkey,,măgar,,,,,,,
Animals,Animal,baboon,,babuin,,,,,,,
Animals,Animal,badger,,bursuc,,,,,,,
Animals,Animal,barracuda,,baracudă,,,,,,,
Animals,Animal,bat,,liliac,,,,,,,
Animals,Animal,bear,,urs,,,,,,,
Animals,Animal,beaver,,castor,,,,,,,
Animals,Animal,bee,,albină,,,,,,,
Animals,Animal,bison,,bizon,,,,,,,
Animals,Animal,buffalo,,bivol,,,,,,,
Animals,Animal,camel,,cămilă,,,,,,,
Animals,Animal,caribou,,caribu,,,,,,,
Animals,Animal,cat,,pisică,,,,,,,
Animals,Animal,caterpillar,,omidă,,,,,,,
Animals,Animal,cheetah,,ghepard,,,,,,,
Animals,Animal,chicken,,pui,,,,,,,
Animals,Animal,chimpanzee,,cimpanzeu,,,,,,,
Animals,Animal,chinchilla,,chinchilla,,,,,,,
Animals,Animal,clam,,scoică,,,,,,,
Animals,Animal,cockroach,,gândac,,,,,,,
Animals,Animal,cod,,cod,,,,,,,
Animals,Animal,condor,,condor,,,,,,,
Animals,Animal,coyote,,coiot,,,,,,,
Animals,Animal,crab,,crab,,,,,,,
Animals,Animal,crane,,cocorul,,,,,,,
Animals,Animal,crocodile,,crocodil,,,,,,,
Animals,Animal,crow,,cioară,,,,,,,
Animals,Animal,dinosaur,,dinozaur,,,,,,,
Animals,Animal,dog,,câine,,,,,,,
Animals,Animal,dolphin,,delfin,,,,,,,
Animals,Animal,donkey,,măgar,,,,,,,
Animals,Animal,dove,,porumbel,,,,,,,
Animals,Animal,eagle,,vultur,,,,,,,
Animals,Animal,echidna,,echidna,,,,,,,
Animals,Animal,eel,,țipar,,,,,,,
Animals,Animal,elephant,,elefant,,,,,,,
Animals,Animal,elk,,elan,,,,,,,
Animals,Animal,emu,,emu,,,,,,,
Animals,Animal,falcon,,șoim,,,,,,,
Animals,Animal,ferret,,dihor,,,,,,,
Animals,Animal,finch,,finch,,,,,,,
Animals,Animal,flamingo,,flamingo,,,,,,,
Animals,Animal,fox,,vulpe,,,,,,,
Animals,Animal,frog,,broască,,,,,,,
Animals,Animal,gazelle,,gazelă,,,,,,,
Animals,Animal,gerbil,,gerbil,,,,,,,
Animals,Animal,panda,,panda,,,,,,,
Animals,Animal,giraffe,,girafă,,,,,,,
Animals,Animal,gnat,,țânțar,,,,,,,
Animals,Animal,goat,,capră,,,,,,,
Animals,Animal,goose,,gâscă,,,,,,,
Animals,Animal,gorilla,,gorilă,,,,,,,
Animals,Animal,goshawk,,acvilă,,,,,,,
Animals,Animal,grasshopper,,lăcustă,,,,,,,
Animals,Animal,grouse,,cocoș de câmp,,,,,,,
Animals,Animal,hamster,,hamster,,,,,,,
Animals,Animal,hare,,iepure,,,,,,,
Animals,Animal,hawk,,șoim,,,,,,,
Animals,Animal,hedgehog,,arici,,,,,,,
Animals,Animal,heron,,heron,,,,,,,
Animals,Animal,herring,,hering,,,,,,,
Animals,Animal,hippopotamus,,hipopotam,,,,,,,
Animals,Animal,hornet,,viespe,,,,,,,
Animals,Animal,horse,,cal,,,,,,,
Animals,Animal,human,,om,,,,,,,
Animals,Animal,hummingbird,,pasăre colibri,,,,,,,
Animals,Animal,hyena,,hienă,,,,,,,
Animals,Animal,ibis,,ibis,,,,,,,
Animals,Animal,jackal,,șacal,,,,,,,
Animals,Animal,jaguar,,jaguar,,,,,,,
Animals,Animal,jay,,jay,,,,,,,
Animals,Animal,bluejay,,bluejay,,,,,,,
Animals,Animal,kangaroo,,cangur,,,,,,,
Animals,Animal,koala,,koala,,,,,,,
Animals,Animal,komodo,,komodo,,,,,,,
Animals,Animal,lemur,,lemur,,,,,,,
Animals,Animal,leopard,,leopard,,,,,,,
Animals,Animal,lion,,leu,,,,,,,
Animals,Animal,llama,,lama,,,,,,,
Animals,Animal,lobster,,homar,,,,,,,
Animals,Animal,locust,,lăcustă,,,,,,,
Animals,Animal,lyrebird,,pasăre lirică,,,,,,,
Animals,Animal,magpie,,pițigoi,,,,,,,
Animals,Animal,mallard,,rață sălbatică,,,,,,,
Animals,Animal,duck,,rață,,,,,,,
Animals,Animal,manatee,,lamantin,,,,,,,
Animals,Animal,mandrill,,mandril,,,,,,,
Animals,Animal,mantis,,mantis,,,,,,,
Animals,Animal,meerkat,,suricata,,,,,,,
Animals,Animal,mink,,nurcă,,,,,,,
Animals,Animal,mole,,cârtiță,,,,,,,
Animals,Animal,mongoose,,mangustă,,,,,,,
Animals,Animal,monkey,,maimuță,,,,,,,
Animals,Animal,moose,,elan,,,,,,,
Animals,Animal,mouse,,șoarece,,,,,,,
Animals,Animal,mosquito,,țânțar,,,,,,,
Animals,Animal,mule,,catâr,,,,,,,
Animals,Animal,narwhal,,narval,,,,,,,
Animals,Animal,newt,,triton,,,,,,,
Animals,Animal,octopus,,caracatiță,,,,,,,
Animals,Animal,okapi,,okapi,,,,,,,
Animals,Animal,opossum,,opossum,,,,,,,
Animals,Animal,ostrich,,struț,,,,,,,
Animals,Animal,otter,,vidră,,,,,,,
Animals,Animal,owl,,bufniță,,,,,,,
Animals,Animal,oyster,,stridii,,,,,,,
Animals,Animal,panther,,panteră,,,,,,,
Animals,Animal,parrot,,papagal,,,,,,,
Animals,Animal,partridge,,potârniche,,,,,,,
Animals,Animal,pelican,,pelican,,,,,,,
Animals,Animal,penguin,,pinguin,,,,,,,
Animals,Animal,pheasant,,fazan,,,,,,,
Animals,Animal,pig,,porc,,,,,,,
Animals,Animal,pigeon,,porumbel,,,,,,,
Animals,Animal,porcupine,,porc spinos,,,,,,,
Animals,Animal,porpoise,,marsuin,,,,,,,
Animals,Animal,quail,,prepeliță,,,,,,,
Animals,Animal,rabbit,,iepure,,,,,,,
Animals,Animal,raccoon,,raton,,,,,,,
Animals,Animal,ram,,berbec,,,,,,,
Animals,Animal,rat,,șobolan,,,,,,,
Animals,Animal,raven,,corb,,,,,,,
Animals,Animal,reindeer,,ren,,,,,,,
Animals,Animal,rhino,,rinocer,,,,,,,
Animals,Animal,salamander,,salamandră,,,,,,,
Animals,Animal,salmon,,somon,,,,,,,
Animals,Animal,sardine,,sardină,,,,,,,
Animals,Animal,scorpion,,scorpion,,,,,,,
Animals,Animal,seahorse,,căluț de mare,,,,,,,
Animals,Animal,seal,,focă,,,,,,,
Animals,Animal,shark,,rechin,,,,,,,
Animals,Animal,shrew,,șoarece de mare,,,,,,,
Animals,Animal,skunk,,sconcs,,,,,,,
Animals,Animal,snail,,melc,,,,,,,
Animals,Animal,snake,,șarpe,,,,,,,
Animals,Animal,sparrow,,vrabie,,,,,,,
Animals,Animal,spider,,păianjen,,,,,,,
Animals,Animal,squid,,calmar,,,,,,,
Animals,Animal,stingray,,stingray,,,,,,,
Animals,Animal,stinkbug,,stinkbug,,,,,,,
Animals,Animal,stork,,barză,,,,,,,
Animals,Animal,swan,,lebădă,,,,,,,
Animals,Animal,tapir,,tapir,,,,,,,
Animals,Animal,tarsier,,tarsier,,,,,,,
Animals,Animal,tiger,,tigru,,,,,,,
Animals,Animal,toad,,broască țestoasă,,,,,,,
Animals,Animal,trout,,păstrăv,,,,,,,
Animals,Animal,turkey,,curcan,,,,,,,
Animals,Animal,turtle,,broască țestoasă,,,,,,,
Animals,Animal,viper,,viperă,,,,,,,
Animals,Animal,vole,,șoarece de câmp,,,,,,,
Animals,Animal,vulture,,vultur,,,,,,,
Animals,Animal,walrus,,morsă,,,,,,,
Animals,Animal,wasp,,viespe,,,,,,,
Animals,Animal,weasel,,nevăstuică,,,,,,,
Animals,Animal,whale,,balenă,,,,,,,
Animals,Animal,wolverine,,ghiocel,,,,,,,
Animals,Animal,wombat,,wombat,,,,,,,
Animals,Animal,woodpecker,,ciocănitoare,,,,,,,
Animals,Animal,worm,,vierme,,,,,,,
Animals,Animal,yak,,yak,,,,,,,
Animals,Animal,zebra,,zebră,,,,,,,
Animals_Badass,AnimalBadass,alligator,m,aligator,aligatorul,aligatorului,,aligatori,aligatorii,aligatorilor,
Animals_Badass,AnimalBadass,ape,f,maimuță,maimuța,maimuței,maimuțo,maimuțe,maimuțele,maimuțelor,maimuțelor
Animals_Badass,AnimalBadass,armadillo,,armadillo,,,,,,,
Animals_Badass,AnimalBadass,barracuda,,barracuda,,,,,,,
Animals_Badass,AnimalBadass,beaver,,castor,,,,,,,
Animals_Badass,AnimalBadass,bat,,liliac,,,,,,,
Animals_Badass,AnimalBadass,bear,,urs,,,,,,,
Animals_Badass,AnimalBadass,buffalo,,bivol,,,,,,,
Animals_Badass,AnimalBadass,camel,,cămilă,,,,,,,
Animals_Badass,AnimalBadass,cheetah,,ghepard,,,,,,,
Animals_Badass,AnimalBadass,cobra,,cobra,,,,,,,
Animals_Badass,AnimalBadass,cockroach,,gândac,,,,,,,
Animals_Badass,AnimalBadass,coyote,,coiot,,,,,,,
Animals_Badass,AnimalBadass,crab,,crab,,,,,,,
Animals_Badass,AnimalBadass,crocodile,,crocodil,,,,,,,
Animals_Badass,AnimalBadass,crow,,cioară,,,,,,,
Animals_Badass,AnimalBadass,dinosaur,,dinozaur,,,,,,,
Animals_Badass,AnimalBadass,raptor,,răpitor,,,,,,,
Animals_Badass,AnimalBadass,dog,,câine,,,,,,,
Animals_Badass,AnimalBadass,donkey,,măgar,,,,,,,
Animals_Badass,AnimalBadass,dragonfly,,libelulă,,,,,,,
Animals_Badass,AnimalBadass,dragon,,dragon,,,,,,,
Animals_Badass,AnimalBadass,eagle,,vultur,,,,,,,
Animals_Badass,AnimalBadass,falcon,,șoim,,,,,,,
Animals_Badass,AnimalBadass,fox,,vulpe,,,,,,,
Animals_Badass,AnimalBadass,frog,,broască,,,,,,,
Animals_Badass,AnimalBadass,gorilla,,gorilă,,,,,,,
Animals_Badass,AnimalBadass,grasshopper,,lăcustă,,,,,,,
Animals_Badass,AnimalBadass,hawk,,șoim,,,,,,,
Animals_Badass,AnimalBadass,hornet,,viespe,,,,,,,
Animals_Badass,AnimalBadass,hyena,,hienă,,,,,,,
Animals_Badass,AnimalBadass,jackal,,șacal,,,,,,,
Animals_Badass,AnimalBadass,jaguar,,jaguar,,,,,,,
Animals_Badass,AnimalBadass,kangaroo,,cangur,,,,,,,
Animals_Badass,AnimalBadass,komodo,,komodo,,,,,,,
Animals_Badass,AnimalBadass,leopard,,leopard,,,,,,,
Animals_Badass,AnimalBadass,lion,,leu,,,,,,,
Animals_Badass,AnimalBadass,lobster,,homar,,,,,,,
Animals_Badass,AnimalBadass,locust,,lăcustă,,,,,,,
Animals_Badass,AnimalBadass,mantis,,mantis,,,,,,,
Animals_Badass,AnimalBadass,mole,,cârtiță,,,,,,,
Animals_Badass,AnimalBadass,monkey,,maimuță,,,,,,,
Animals_Badass,AnimalBadass,mosquito,,țânțar,,,,,,,
Animals_Badass,AnimalBadass,owl,,bufniță,,,,,,,
Animals_Badass,AnimalBadass,panther,,panteră,,,,,,,
Animals_Badass,AnimalBadass,pig,,porc,,,,,,,
Animals_Badass,AnimalBadass,porcupine,,porc spinos,,,,,,,
Animals_Badass,AnimalBadass,raccoon,,raton,,,,,,,
Animals_Badass,AnimalBadass,rat,,șobolan,,,,,,,
Animals_Badass,AnimalBadass,raven,,corb,,,,,,,
Animals_Badass,AnimalBadass,rhino,,rinocer,,,,,,,
Animals_Badass,AnimalBadass,salamander,,salamandră,,,,,,,
Animals_Badass,AnimalBadass,scorpion,,scorpion,,,,,,,
Animals_Badass,AnimalBadass,shark,,rechin,,,,,,,
Animals_Badass,AnimalBadass,skunk,,sconcs,,,,,,,
Animals_Badass,AnimalBadass,snake,,șarpe,,,,,,,
Animals_Badass,AnimalBadass,spider,,păianjen,,,,,,,
Animals_Badass,AnimalBadass,squid,,calmar,,,,,,,
Animals_Badass,AnimalBadass,tiger,,tigru,,,,,,,
Animals_Badass,AnimalBadass,toad,,broască,,,,,,,
Animals_Badass,AnimalBadass,trout,,păstrăv,,,,,,,
Animals_Badass,AnimalBadass,turtle,,broască țestoasă,,,,,,,
Animals_Badass,AnimalBadass,viper,,viperă,,,,,,,
Animals_Badass,AnimalBadass,vulture,,vultur,,,,,,,
Animals_Badass,AnimalBadass,wasp,,viespe,,,,,,,
Animals_Badass,AnimalBadass,weasel,,nevăstuică,,,,,,,
Animals_Badass,AnimalBadass,whale,,balenă,,,,,,,
Animals_Badass,AnimalBadass,wolf,,lup,,,,,,,
Animals_Badass,AnimalBadass,wolverine,,ghiocel,,,,,,,
Animals_Badass,AnimalBadass,worm,,vierme,,,,,,,
Apparel,Apparel,shirt,f,cămașă,cămașa,cămășii,,cămăși,cămășile,cămășilor,
Apparel,Apparel,button-down shirt,,cămașă cu nasturi,,,,,,,
Apparel,Apparel,formal shirt,,cămașă formală,,,,,,,
Apparel,Apparel,jacket,,jachetă,,,,,,,
Apparel,Apparel,raincoat,,haină de ploaie,,,,,,,
Apparel,Apparel,formal suit,,costum formal,,,,,,,
Apparel,Apparel,evening gown,,rochie de seară,,,,,,,
Apparel,Apparel,parka,,parka,,,,,,,
Apparel,Apparel,duster,,duster,,,,,,,
Apparel,Apparel,space suit,,costum spațial,,,,,,,
Apparel,Apparel,power armor suit,,costum armură de putere,,,,,,,
Apparel,Apparel,bow tie,m,papion,papionul,papionului,papionule,papioane,papioanele,papioanelor,papioanelor
Apparel,Apparel,necktie,,cravată,,,,,,,
Apparel,Apparel,belt,,centură,,,,,,,
Apparel,Apparel,jock strap,,curea de jock,,,,,,,
Apparel,Apparel,hat,,pălărie,,,,,,,
Apparel,Apparel,bowler hat,,pălărie bowler,,,,,,,
Apparel,Apparel,baseball cap,,șapcă de baseball,,,,,,,
Apparel,Apparel,tuque,,tuque,,,,,,,
Apparel,Apparel,top hat,,pălărie de top,,,,,,,
Apparel,Apparel,shoe,,pantof,,,,,,,
Apparel,Apparel,boot,,cizmă,,,,,,,
Apparel,Apparel,sandal,,sandală,,,,,,,
Artworks,Artwork,artwork,,lucrare de artă,,,,,,,
Artworks,Artwork,art,,artă,,,,,,,
Artworks,Artwork,work,,lucrare,,,,,,,
Artworks,Artwork,item,n,obiect,obiectul,obiectului,,obiecte,obiectele,obiectelor,
Artworks,Artwork,piece,f,piesă,piesa,piesei,piesă,piese,piesele,pieselor,pieselor
Artworks,Artwork,oeuvre,,lucrare,,,,,,,
Artworks,Artwork,expression,,expresie,,,,,,,
Artworks,Artwork,attempt,,încercare,,,,,,,
Artworks,Artwork,untitled,,fără titlu,,,,,,,
Artworks,Artwork,titled,,intitulat,,,,,,,
Artworks,Artwork,shape,,contur,,,,,,,
Artworks,Artwork,form,,formă,,,,,,,
Artworks,Artwork,image,,imagine,,,,,,,
Artworks,Artwork,shot,,împușcat,,,,,,,
Artworks,Artwork,picture,,imagine,,,,,,,
Artworks,Artwork,portrait,,portret,,,,,,,
Artworks,Artwork,still,,încă,,,,,,,
Artworks,Artwork,poem,,poem,,,,,,,
Artworks,Artwork,lullaby,,cântec de leagăn,,,,,,,
Artworks,Artwork,song,,cântec,,,,,,,
Artworks,Artwork,tune,,melodie,,,,,,,
Artworks,Artwork,rhythm,,ritm,,,,,,,
Artworks,Artwork,beat,,bate,,,,,,,
Artworks,Artwork,codex,,codex,,,,,,,
Artworks,Artwork,book,,carte,,,,,,,
Artworks,Artwork,cuboid,m,cuboid,cuboidul,cuboidului,cuboidule,cuboizi,cuboizii,cuboizilor,cuboizilor
Artworks,Artwork,circloid,,circloid,,,,,,,
Artworks,Artwork,parabolic,,parabolic,,,,,,,
Artworks,Artwork,cubic,,cubic,,,,,,,
Artworks,Artwork,curvelike,,curbiliniu,,,,,,,
Artworks,Artwork,curve,,curbă,,,,,,,
Artworks,Artwork,mirror,,oglindă,,,,,,,
Artworks,Artwork,day,,zi,,,,,,,
Artworks,Artwork,vomit,,vomă,,,,,,,
Artworks,Artwork,sweat,,transpirație,,,,,,,
Artworks,Artwork,shadow,,umbră,,,,,,,
Artworks,Artwork,freedom,,libertate,,,,,,,
Artworks,Artwork,vision,,viziune,,,,,,,
Artworks,Artwork,love,,dragoste,,,,,,,
Artworks,Artwork,divinity,,divinitate,,,,,,,
Artworks,Artwork,wisdom,,înțelepciune,,,,,,,
Artworks,Artwork,shame,,rușine,,,,,,,
Artworks,Artwork,death,,moarte,,,,,,,
Artworks,Artwork,darkness,,întuneric,,,,,,,
Bodyparts,BodyPart,head,,cap,,,,,,,
Bodyparts,BodyPart,eye,m,ochi,ochiul,ochiului,ochiule,ochi,ochii,ochilor,ochilor
Bodyparts,BodyPart,nose,,nas,,,,,,,
Bodyparts,BodyPart,mouth,f,gură,gura,gurii,,guri,gurile,gurilor,
Bodyparts,BodyPart,tooth,,dinte,,,,,,,
Bodyparts,BodyPart,fang,,colț,,,,,,,
Bodyparts,BodyPart,cheek,,obraz,,,,,,,
Bodyparts,BodyPart,chin,,bărbie,,,,,,,
Bodyparts,BodyPart,lip,,buză,,,,,,,
Bodyparts,BodyPart,ear,,ureche,,,,,,,
Bodyparts,BodyPart,neck,,gât,,,,,,,
Bodyparts,BodyPart,body,,corp,,,,,,,
Bodyparts,BodyPart,chest,,piept,,,,,,,
Bodyparts,BodyPart,shoulder,,umăr,,,,,,,
Bodyparts,BodyPart,arm,,braț,,,,,,,
Bodyparts,BodyPart,elbow,,cot,,,,,,,
Bodyparts,BodyPart,wrist,,încheietura mâinii,,,,,,,
Bodyparts,BodyPart,hand,,mână,,,,,,,
Bodyparts,BodyPart,palm,,palmă,,,,,,,
Bodyparts,BodyPart,finger,,degetul,,,,,,,
Bodyparts,BodyPart,claw,,gheară,,,,,,,
Bodyparts,BodyPart,talon,,gheară,,,,,,,
Bodyparts,BodyPart,wing,,aripă,,,,,,,
Bodyparts,BodyPart,hip,,șold,,,,,,,
Bodyparts,BodyPart,leg,,picior,,,,,,,
Bodyparts,BodyPart,knee,,genunchi,,,,,,,
Bodyparts,BodyPart,ankle,,gleznă,,,,,,,
Bodyparts,BodyPart,foot,,picior,,,,,,,
Bodyparts,BodyPart,heel,,călcâi,,,,,,,
Bodyparts,BodyPart,toe,,deget de la picior,,,,,,,
Bodyparts,BodyPart,paw,,labă,,,,,,,
BusinessTypes,businesstype,Company,f,-,Compania,-,-,-,-,-,-
BusinessTypes,businesstype,Partners,n,-,-,-,-,-,Parteneriatele,-,-
BusinessTypes,businesstype,Corporation,f,-,Corporația,-,-,-,-,-,-
BusinessTypes,businesstype,Traders,n,-,-,-,-,-,Comercianții,-,-
BusinessTypes,businesstype,Industries,f,-,-,-,-,-,Industriile,-,-
BusinessTypes,businesstype,Incorporated,f,-,Incorporated,-,-,-,-,-,-
BusinessTypes,businesstype,Travelers,m,-,-,-,-,-,Călătorii,-,-
BusinessTypes,businesstype,Interplanetary,m,-,Interplanetara,-,-,-,-,-,-
BusinessTypes,businesstype,Shipping,n,-,Transportul,-,-,-,-,-,-
BusinessTypes,businesstype,Export Company,f,-,Compania de export,-,-,-,-,-,-
BusinessTypes,businesstype,Import Company,f,-,Compania de inport,-,-,-,-,-,-
BusinessTypes,businesstype,Transport Company,f,-,Compania de transport,-,-,-,-,-,-
BusinessTypes,businesstype,Transit Company,f,-,Compania de tranzit,-,-,-,-,-,-
BusinessTypes,businesstype,Securities,f,-,-,-,-,-,Valorile Mobiliare,-,-
BusinessTypes,businesstype,Solutions,f,-,-,-,-,-,Soluțile,-,-
BusinessTypes,businesstype,Consortium,n,-,Consorțiul,-,-,-,-,-,-
BusinessTypes,businesstype,Interstellar,m,-,Interstelarul,-,-,-,-,-,-
BusinessTypes,businesstype,Lubricants,m,-,-,-,-,-,Lubrifianții,-,-
Colors,Color,red,m,roșu,roșul,roșului,roșule,roșii,roșiii,roșiilor,roșiilor
Colors,Color,blue,n,albastru,albastrul,albastrului,albastrule,albastre,albastrele,albastrelor,albastrelor
Colors,Color,green,,verde,,,,,,,
Colors,Color,purple,,violet,,,,,,,
Colors,Color,black,,negru,,,,,,,
Colors,Color,white,,alb,,,,,,,
Colors,Color,gray,,gri,,,,,,,
Colors,Color,orange,,portocaliu,,,,,,,
Colors_Badass,ColorBadass,red,,roșu,,,,,,,
Colors_Badass,ColorBadass,black,,negru,,,,,,,
Colors_Badass,ColorBadass,gray,n,gri,griul,griului,,,,,
Colors_Badass,ColorBadass,ash,n,cenușiu,cenușiul,cenușiului,cenușiule,cenușii,cenușii,cenușiilor,cenușiilor
Colors_Badass,ColorBadass,dark,,întunecat,,,,,,,
Colors_Badass,ColorBadass,shadow,,umbros,,,,,,,
Colors_Badass,ColorBadass,night,,nocturn,,,,,,,
Communities,Community,village,n,sat,satul,satului,,sate,satele,satelor,
Communities,Community,village,,sat,,,,,,,
Communities,Community,town,,oraș,,,,,,,
Communities,Community,town,,oraș,,,,,,,
Communities,Community,township,,municipiu,,,,,,,
Communities,Community,hamlet,,cătun,,,,,,,
Communities,Community,district,,district,,,,,,,
Communities,Community,city,,oraș,,,,,,,
Communities,Community,settlement,f,așezare,așezarea,așezării,așezare,așezări,așezările,așezărilor,așezărilor
Communities,Community,encampment,,tabără,,,,,,,
Communities,Community,campsite,,camping,,,,,,,
Concepts_Angsty,ConceptAngsty,sadness,f,tristețe,tristețea,tristeții,,tristeți,tristețile,tristeților,
Concepts_Angsty,ConceptAngsty,despair,,disperare,,,,,,,
Concepts_Angsty,ConceptAngsty,loss,,pierdere,,,,,,,
Concepts_Angsty,ConceptAngsty,depression,,depresie,,,,,,,
Concepts_Angsty,ConceptAngsty,emptiness,,goliciune,,,,,,,
Concepts_Angsty,ConceptAngsty,solitude,,singurătate,,,,,,,
Concepts_Angsty,ConceptAngsty,distance,,distanță,,,,,,,
Concepts_Angsty,ConceptAngsty,thought,m,gând,gândul,gândului,gândule,gânduri,gândurile,gândurilor,gândurilor
Concepts_Angsty,ConceptAngsty,contemplation,,contemplație,,,,,,,
Concepts_Angsty,ConceptAngsty,loneliness,,singurătate,,,,,,,
Concepts_Angsty,ConceptAngsty,isolation,,izolare,,,,,,,
Concepts_Angsty,ConceptAngsty,seclusion,,izolare,,,,,,,
Concepts_Angsty,ConceptAngsty,silence,,tăcere,,,,,,,
Concepts_Angsty,ConceptAngsty,confinement,,izolare,,,,,,,
Concepts_Angsty,ConceptAngsty,detachment,,detașare,,,,,,,
Concepts_Angsty,ConceptAngsty,lonesomeness,,singurătate,,,,,,,
Concepts_Angsty,ConceptAngsty,quietude,,liniște,,,,,,,
Concepts_Angsty,ConceptAngsty,decay,,decădere,,,,,,,
Concepts_Angsty,ConceptAngsty,desolation,,pustietate,,,,,,,
Concepts_Angsty,ConceptAngsty,destruction,,distrugere,,,,,,,
Concepts_Angsty,ConceptAngsty,devastation,,devastare,,,,,,,
Concepts_Angsty,ConceptAngsty,exhaustion,,epuizare,,,,,,,
Concepts_Angsty,ConceptAngsty,defeat,,înfrângere,,,,,,,
Concepts_Angsty,ConceptAngsty,failure,,eșec,,,,,,,
Concepts_Angsty,ConceptAngsty,cataclysm,,cataclism,,,,,,,
Concepts_Angsty,ConceptAngsty,death,,moarte,,,,,,,
Concepts_Angsty,ConceptAngsty,poverty,,sărăcie,,,,,,,
Concepts_Angsty,ConceptAngsty,desire,,dorință,,,,,,,
Concepts_Angsty,ConceptAngsty,need,,nevoie,,,,,,,
Concepts_Angsty,ConceptAngsty,debt,,datorie,,,,,,,
Concepts_Angsty,ConceptAngsty,hardship,,greutăți,,,,,,,
Concepts_Angsty,ConceptAngsty,helplessness,,neputință,,,,,,,
Concepts_Angsty,ConceptAngsty,scarcity,,insuficiență,,,,,,,
Concepts_Angsty,ConceptAngsty,starvation,,foamete,,,,,,,
Concepts_Angsty,ConceptAngsty,thirst,,sete,,,,,,,
Concepts_Angsty,ConceptAngsty,hunger,,foamete,,,,,,,
Concepts_Angsty,ConceptAngsty,difficulty,,dificultate,,,,,,,
Concepts_Angsty,ConceptAngsty,challenge,,provocare,,,,,,,
Concepts_Angsty,ConceptAngsty,pain,,durere,,,,,,,
Concepts_Badass,ConceptBadass,suffering,f,suferință,suferința,suferinței,,suferințe,suferințele,suferințelor,
Concepts_Badass,ConceptBadass,victory,,victorie,,,,,,,
Concepts_Badass,ConceptBadass,murder,,crimă,,,,,,,
Concepts_Badass,ConceptBadass,death,,moarte,,,,,,,
Concepts_Badass,ConceptBadass,thrusting,,împingere,,,,,,,
Concepts_Badass,ConceptBadass,power,,putere,,,,,,,
Concepts_Badass,ConceptBadass,force,,forță,,,,,,,
Concepts_Badass,ConceptBadass,godlessness,,evlavie,,,,,,,
Concepts_Badass,ConceptBadass,god,m,zeu,zeul,zeului,,zei,zeii,zeilor,
Concepts_Badass,ConceptBadass,pain,,durere,,,,,,,
Concepts_Badass,ConceptBadass,triumph,,triumf,,,,,,,
Concepts_Badass,ConceptBadass,blood,,sânge,,,,,,,
Concepts_Badass,ConceptBadass,cash,,bani,,,,,,,
Concepts_Badass,ConceptBadass,vengeance,,răzbunare,,,,,,,
Concepts_Badass,ConceptBadass,revenge,,răzbunare,,,,,,,
Concepts_Badass,ConceptBadass,agony,,agonie,,,,,,,
Concepts_Badass,ConceptBadass,fever,,febră,,,,,,,
Concepts_Badass,ConceptBadass,illness,,boală,,,,,,,
Concepts_Badass,ConceptBadass,injury,,rană,,,,,,,
Concepts_Badass,ConceptBadass,torment,,chin,,,,,,,
Concepts_Badass,ConceptBadass,anguish,,angoasă,,,,,,,
Concepts_Badass,ConceptBadass,misery,,mizerie,,,,,,,
Concepts_Badass,ConceptBadass,persecution,,persecuție,,,,,,,
Concepts_Badass,ConceptBadass,torture,,tortură,,,,,,,
Concepts_Badass,ConceptBadass,suffering,,suferință,,,,,,,
Concepts_Badass,ConceptBadass,tyranny,,tiranie,,,,,,,
Concepts_Badass,ConceptBadass,oppression,,opresiune,,,,,,,
Concepts_Badass,ConceptBadass,cruelty,,cruzime,,,,,,,
Concepts_Badass,ConceptBadass,terrorism,,terorism,,,,,,,
Concepts_Badass,ConceptBadass,terror,,teroare,,,,,,,
Concepts_Badass,ConceptBadass,chaos,,haos,,,,,,,
Concepts_Badass,ConceptBadass,trouble,,probleme,,,,,,,
Concepts_Badass,ConceptBadass,unrest,,neliniște,,,,,,,
Concepts_Badass,ConceptBadass,anarchy,,anarhie,,,,,,,
Concepts_Badass,ConceptBadass,combat,,luptă,,,,,,,
Concepts_Badass,ConceptBadass,violence,,violență,,,,,,,
Concepts_Badass,ConceptBadass,war,,război,,,,,,,
Concepts_Badass,ConceptBadass,bloodshed,,vărsare de sânge,,,,,,,
Concepts_Badass,ConceptBadass,hostility,,ostilitate,,,,,,,
Concepts_Badass,ConceptBadass,strife,,conflict,,,,,,,
Concepts_Badass,ConceptBadass,struggle,,luptă,,,,,,,
Concepts_Positive,ConceptPositive,hope,f,speranță,speranța,speranței,,speranțe,speranțele,speranțelor,
Concepts_Positive,ConceptPositive,love,f,dragoste,dragostea,dragostei,dragoste,dragoste,dragostele,dragostelor,dragostelor
Concepts_Positive,ConceptPositive,strength,,putere,,,,,,,
Concepts_Positive,ConceptPositive,struggle,,luptă,,,,,,,
Concepts_Positive,ConceptPositive,family,,familie,,,,,,,
Concepts_Positive,ConceptPositive,loyalty,,loialitate,,,,,,,
Concepts_Positive,ConceptPositive,fun,,distracție,,,,,,,
Concepts_Positive,ConceptPositive,bliss,,fericire,,,,,,,
Concepts_Positive,ConceptPositive,plenty,,abundență,,,,,,,
Concepts_Positive,ConceptPositive,growth,,creștere,,,,,,,
Concepts_Positive,ConceptPositive,happiness,,fericire,,,,,,,
Concepts_Positive,ConceptPositive,togetherness,,colectivitate,,,,,,,
Concepts_Positive,ConceptPositive,community,,comunitate,,,,,,,
Concepts_Positive,ConceptPositive,affection,,afecțiune,,,,,,,
Concepts_Positive,ConceptPositive,intimacy,,intimitate,,,,,,,
Concepts_Positive,ConceptPositive,fellowship,,părtășie,,,,,,,
Concepts_Positive,ConceptPositive,friendship,,prietenie,,,,,,,
Concepts_Positive,ConceptPositive,goodwill,,bunăvoință,,,,,,,
Concepts_Positive,ConceptPositive,devotion,,devotament,,,,,,,
Concepts_Positive,ConceptPositive,harmony,,armonie,,,,,,,
Concepts_Positive,ConceptPositive,solidarity,,solidaritate,,,,,,,
Concepts_Positive,ConceptPositive,compassion,,compasiune,,,,,,,
Concepts_Positive,ConceptPositive,mercy,,milă,,,,,,,
Concepts_Positive,ConceptPositive,patience,,răbdare,,,,,,,
Concepts_Positive,ConceptPositive,sympathy,,simpatie,,,,,,,
Concepts_Positive,ConceptPositive,honesty,,onestitate,,,,,,,
Concepts_Positive,ConceptPositive,kindness,,bunătate,,,,,,,
Concepts_Positive,ConceptPositive,grace,,grație,,,,,,,
Concepts_Positive,ConceptPositive,decency,,decență,,,,,,,
Concepts_Positive,ConceptPositive,elegance,,eleganță,,,,,,,
Concepts_Positive,ConceptPositive,camraderie,,camaraderie,,,,,,,
Concepts_Positive,ConceptPositive,brotherhood,,fraternitate,,,,,,,
Concepts_Positive,ConceptPositive,safety,,siguranță,,,,,,,
Enemies,Enemy,bandit,,bandit,,,,,,,
Enemies,Enemy,criminal,,criminal,,,,,,,
Enemies,Enemy,raider,,jefuitor,,,,,,,
Enemies,Enemy,outlaw,,nelegiuit,,,,,,,
Enemies,Enemy,pirate,m,pirat,piratul,piratului,piratule,pirați,pirații,piraților,piraților
Enemies,Enemy,robber,m,tâlhar,tâlharul,tâlharului,tâlharule,tâlhari,tâlharii,tâlharilor,tâlharilor
Enemies,Enemy,brigand,,bandit,,,,,,,
Enemies,Enemy,crook,,escroc,,,,,,,
Enemies,Enemy,rogue,,pungaș,,,,,,,
Enemies,Enemy,burglar,,hoț,,,,,,,
Enemies,Enemy,mugger,,tâlhar,,,,,,,
Enemies,Enemy,terrorist,,terorist,,,,,,,
Enemies,Enemy,barbarian,,barbar,,,,,,,
Enemies,Enemy,cannibal,,canibal,,,,,,,
Enemies,Enemy,devil,,diavol,,,,,,,
Enemies,Enemy,demon,,demon,,,,,,,
Enemies,Enemy,beast,,bestie,,,,,,,
Enemies,Enemy,monster,,monstru,,,,,,,
Enemies,Enemy,vampire,,vampir,,,,,,,
Enemies,Enemy,fiend,,demon,,,,,,,
Enemies,Enemy,goblin,,spiriduș,,,,,,,
Enemies,Enemy,imp,,drăcușor,,,,,,,
Enemies,Enemy,dragon,,dragon,,,,,,,
Games,Game,poker,,poker,,,,,,,
Games,Game,chess,m,șah,șahul,șahului,șahule,șahuri,șahurile,șahurilor,șahurilor
Games,Game,cards,,cărți,,,,,,,
Games,Game,backgammon,,backgammon,,,,,,,
Games,Game,dice,,zaruri,,,,,,,
Games,Game,craps,,zaruri,,,,,,,
Games,Game,roulette,,ruleta,,,,,,,
Games,Game,blackjack,,blackjack,,,,,,,
Gore,Gore,blood,n,sânge,sângele,sângelui,sânge,sângiuri,sângiurile,sângiurilor,sângiurilor
Gore,Gore,gore,,mațe,,,,,,,
Gore,Gore,guts,,viscere,,,,,,,
Gore,Gore,viscera,,măruntaie,,,,,,,
Gore,Gore,innards,,măruntaie,,,,,,,
Gore,Gore,entrails,,intestine,,,,,,,
Gore,Gore,intestines,,intestine,,,,,,,
GroupNames,groupname,society,f,societate,societatea,societății,,societăți,societățile,societăților,
GroupNames,groupname,crew,,echipaj,,,,,,,
GroupNames,groupname,group,,grup,,,,,,,
GroupNames,groupname,company,,societate,,,,,,,
GroupNames,groupname,team,,echipa,,,,,,,
GroupNames,groupname,pack,,pachet,,,,,,,
GroupNames,groupname,army,,armată,,,,,,,
GroupNames,groupname,party,,petrecere,,,,,,,
GroupNames,groupname,band,,trupa,,,,,,,
GroupNames,groupname,rig,,echipă,,,,,,,
GroupNames,groupname,organization,,organizare,,,,,,,
GroupNames,groupname,lineup,,lineup,,,,,,,
GroupNames,groupname,unit,,unitate,,,,,,,
GroupNames,groupname,faction,,facțiune,,,,,,,
GroupNames,groupname,gang,,bandă,,,,,,,
GroupNames,groupname,outfit,,echipament,,,,,,,
GroupNames,groupname,partners,,parteneri,,,,,,,
Mechanoid,Mechanoid,scyther,,scyther,,,,,,,
Mechanoid,Mechanoid,lancer,,lancer,,,,,,,
Mechanoid,Mechanoid,centipede,,centipedă,,,,,,,
Mechanoid,Mechanoid,mechanoid,,mecanoid,,,,,,,
Mechanoid,Mechanoid,robot,m,robot,robotul,robotului,robotule,roboți,roboții,roboților,roboților
Mechanoid,Mechanoid,automaton,,automaton,,,,,,,
Mechanoid,Mechanoid,drone,,dronă,,,,,,,
Mechanoid,Mechanoid,combat drone,,dronă de luptă,,,,,,,
Mechanoid,Mechanoid,serving bot,,robot de servire,,,,,,,
Mechanoid,Mechanoid,utility bot,,robot utilitar,,,,,,,
Mechanoid,Mechanoid,sexbot,,sexbot,,,,,,,
Mechanoid,Mechanoid,guard bot,,robot de pază,,,,,,,
Mechanoid,Mechanoid,machine persona avatar,,mașină persona avatar,,,,,,,
Mechanoid,Mechanoid,archotech projection,,proiecție arhotech,,,,,,,
NaturalObject,NaturalObject,rock,f,stâncă,stânca,stâncii,,stânci,stâncile,stâncilor,
NaturalObject,NaturalObject,stone,,piatră,,,,,,,
NaturalObject,NaturalObject,boulder,,bolovan,,,,,,,
NaturalObject,NaturalObject,tree,,copac,,,,,,,
NaturalObject,NaturalObject,shrub,,arbust,,,,,,,
NaturalObject,NaturalObject,bush,,tufiș,,,,,,,
NaturalObject,NaturalObject,pond,,iaz,,,,,,,
NaturalObject,NaturalObject,pool,,piscină,,,,,,,
NaturalObject,NaturalObject,lake,,lac,,,,,,,
NaturalObject,NaturalObject,hill,,deal,,,,,,,
NaturalObject,NaturalObject,cave,,peșteră,,,,,,,
NaturalObject,NaturalObject,stump,,buturugă,,,,,,,
NaturalObject,NaturalObject,shell,,cochilie,,,,,,,
NaturalObject,NaturalObject,feather,,pană,,,,,,,
NaturalObject,NaturalObject,seed,,sămânță,,,,,,,
NaturalObject,NaturalObject,trunk,,trunchi,,,,,,,
NaturalObject,NaturalObject,fruit,,fruct,,,,,,,
NaturalObject,NaturalObject,needle,,ac,,,,,,,
NaturalObject,NaturalObject,beetle,,gândac,,,,,,,
NaturalObject,NaturalObject,bug,,gândac,,,,,,,
NaturalObject,NaturalObject,hoof,,copită,,,,,,,
NaturalObject,NaturalObject,claw,,gheară,,,,,,,
NaturalObject,NaturalObject,tail,,coadă,,,,,,,
NaturalObject,NaturalObject,hide,,piele,,,,,,,
NaturalObject,NaturalObject,skin,,piele,,,,,,,
NaturalObject,NaturalObject,horn,,corn,,,,,,,
NaturalObject,NaturalObject,tooth,,dinte,,,,,,,
NaturalObject,NaturalObject,wing,,aripă,,,,,,,
NaturalObject,NaturalObject,wood,,lemn,,,,,,,
People_Allies,PersonAlly,friend,m,prieten,prietenul,prietenului,prietene,prieteni,prietenii,prietenilor,prietenilor
People_Allies,PersonAlly,supporter,,susținător,,,,,,,
People_Allies,PersonAlly,partner,,partener,,,,,,,
People_Allies,PersonAlly,buddy,,prieten,,,,,,,
People_Allies,PersonAlly,companion,,companion,,,,,,,
People_Allies,PersonAlly,cohort,f,cohortă,cohorta,cohortei,cohortă,cohorte,cohortele,cohortelor,cohortelor
People_Allies,PersonAlly,comrade,,tovarăș,,,,,,,
People_Allies,PersonAlly,sidekick,,acolit,,,,,,,
People_Allies,PersonAlly,defender,,apărător,,,,,,,
People_Allies,PersonAlly,assistant,,asistent,,,,,,,
People_Allies,PersonAlly,follower,,urmăritor,,,,,,,
People_Badass,PersonBadass,killer,m,ucigaș,ucigașul,ucigașului,ucigașule,ucigași,ucigașii,ucigașilor,ucigașilor
People_Badass,PersonBadass,murderer,,ucigaș,,,,,,,
People_Badass,PersonBadass,butcher,,măcelar,,,,,,,
People_Badass,PersonBadass,hunter,,vânător,,,,,,,
People_Badass,PersonBadass,slayer,,ucigaș,,,,,,,
People_Badass,PersonBadass,exterminator,,exterminator,,,,,,,
People_Badass,PersonBadass,deadbeat,,ratat,,,,,,,
People_Badass,PersonBadass,convict,,condamnat,,,,,,,
People_Badass,PersonBadass,criminal,,criminal,,,,,,,
People_Badass,PersonBadass,crook,,escroc,,,,,,,
People_Badass,PersonBadass,lawbreaker,,infractor,,,,,,,
People_Badass,PersonBadass,offender,,infractor,,,,,,,
People_Badass,PersonBadass,thug,,bătăuș,,,,,,,
People_Badass,PersonBadass,gangster,,gangster,,,,,,,
People_Badass,PersonBadass,soldier,,soldat,,,,,,,
People_Badass,PersonBadass,assassin,,asasin,,,,,,,
People_Badass,PersonBadass,banger,,șmecher,,,,,,,
People_Badass,PersonBadass,deplorable,,deplorabil,,,,,,,
People_Badass,PersonBadass,outlaw,,nelegiuit,,,,,,,
People_Badass,PersonBadass,jailbird,,pușcăriaș,,,,,,,
People_Badass,PersonBadass,desperado,,desperado,,,,,,,
People_Badass,PersonBadass,deuce,,deuce,,,,,,,
People_Badass,PersonBadass,hustler,,escroc,,,,,,,
People_Badass,PersonBadass,malefactor,,maleficator,,,,,,,
People_Badass,PersonBadass,sinner,,păcătos,,,,,,,
People_Badass,PersonBadass,transgressor,,transgressor,,,,,,,
People_Badass,PersonBadass,trespasser,,infractor,,,,,,,
People_Badass,PersonBadass,betrayer,,trădător,,,,,,,
People_Badass,PersonBadass,pirate,,pirat,,,,,,,
People_Badass,PersonBadass,shanker,,shanker,,,,,,,
People_Badass,PersonBadass,slicer,,tăietor,,,,,,,
People_Badass,PersonBadass,cutter,,tăietor,,,,,,,
People_Badass,PersonBadass,splitter,,despicător,,,,,,,
People_Badass,PersonBadass,facebeater,,batător de fețe,,,,,,,
People_Badass,PersonBadass,stabber,,înjunghiator,,,,,,,
People_Badass,PersonBadass,sniper,,lunetist,,,,,,,
People_Badass,PersonBadass,crusher,,zdrobitor,,,,,,,
People_Badass,PersonBadass,slicer,,feliator,,,,,,,
People_Badass,PersonBadass,shooter,,trăgător,,,,,,,
People_Badass,PersonBadass,merchant,,comerciant,,,,,,,
People_Badass,PersonBadass,owner,,proprietar,,,,,,,
People_Badass,PersonBadass,reaper,,secerător,,,,,,,
People_Badass,PersonBadass,executioner,,călău,,,,,,,
People_Badass,PersonBadass,cannibal,,canibal,,,,,,,
People_Badass,PersonBadass,violator,,violator,,,,,,,
People_Badass,PersonBadass,defiler,,profanator,,,,,,,
People_Badass,PersonBadass,despoiler,,spoliator,,,,,,,
People_Badass,PersonBadass,attacker,,atacator,,,,,,,
People_Badass,PersonBadass,ravager,,devastator,,,,,,,
People_Badass,PersonBadass,champion,,campion,,,,,,,
People_Badass,PersonBadass,victor,,victor,,,,,,,
People_Badass,PersonBadass,winner,,câștigător,,,,,,,
People_Badass,PersonBadass,dominator,,dominator,,,,,,,
People_Badass,PersonBadass,conqueror,,cuceritor,,,,,,,
People_Badass,PersonBadass,vanquisher,,cuceritor,,,,,,,
People_Badass,PersonBadass,samurai,,samurai,,,,,,,
People_Badass,PersonBadass,hero,,erou,,,,,,,
People_Family,PersonFamily,mother,f,mamă,mama,mamei,mamo,mame,mamele,mamelor,mamelor
People_Family,PersonFamily,son,m,tată,tatăl,tatălui,tată,tați,tații,taților,taților
People_Family,PersonFamily,father,,tată,,,,,,,
People_Family,PersonFamily,brother,,frate,,,,,,,
People_Family,PersonFamily,uncle,,unchi,,,,,,,
People_Family,PersonFamily,nephew,,nepot,,,,,,,
People_Family,PersonFamily,aunt,,mătușă,,,,,,,
People_Jobs,PersonJob,farmer,m,fermier,fermierul,fermierului,fermierule,fermieri,fermierii,fermierilor,fermierilor
People_Jobs,PersonJob,villager,,sătean,,,,,,,
People_Jobs,PersonJob,miller,,morar,,,,,,,
People_Jobs,PersonJob,smith,,fierar,,,,,,,
People_Jobs,PersonJob,brewer,,berar,,,,,,,
People_Jobs,PersonJob,weaver,,țesător,,,,,,,
People_Jobs,PersonJob,cook,,bucătar,,,,,,,
People_Jobs,PersonJob,beggar,,cerșetor,,,,,,,
People_Jobs,PersonJob,town guard,,paznic al orașului,,,,,,,
People_Jobs,PersonJob,town councilor,,consilier municipal,,,,,,,
People_Jobs,PersonJob,baker,,brutar,,,,,,,
People_Jobs,PersonJob,tailor,,croitor,,,,,,,
People_Jobs,PersonJob,elder,,bătrân,,,,,,,
People_Jobs,PersonJob,gunsmith,,armurier,,,,,,,
People_Jobs,PersonJob,blacksmith,,fierar,,,,,,,
People_Jobs,PersonJob,fletcher,,arcaș,,,,,,,
People_Jobs,PersonJob,thresher,,treierător,,,,,,,
People_Jobs,PersonJob,thatcher,,cărăuș,,,,,,,
People_Jobs,PersonJob,carpenter,,tâmplar,,,,,,,
People_Jobs,PersonJob,trader,,comerciant,,,,,,,
People_Jobs,PersonJob,surgeon,,chirurg,,,,,,,
People_Jobs,PersonJob,doctor,,doctor,,,,,,,
People_Jobs,PersonJob,explorer,,explorator,,,,,,,
People_Jobs,PersonJob,adventurer,,aventurier,,,,,,,
People_Jobs,PersonJob,drunkard,,bețivan,,,,,,,
People_Jobs,PersonJob,priest,,preot,,,,,,,
People_Jobs,PersonJob,cleric,,cleric,,,,,,,
People_Jobs,PersonJob,smuggler,,contrabandist,,,,,,,
People_Jobs,PersonJob,comedian,,comediant,,,,,,,
People_Jobs,PersonJob,teacher,,profesor,,,,,,,
People_Jobs,PersonJob,acrobat,,acrobat,,,,,,,
People_Jobs,PersonJob,clown,,clovn,,,,,,,
People_Jobs,PersonJob,actor,,actor,,,,,,,
People_Jobs,PersonJob,artist,,artist,,,,,,,
People_Jobs,PersonJob,boxer,,boxer,,,,,,,
People_Jobs,PersonJob,chemist,,chimist,,,,,,,
People_Jobs,PersonJob,dancer,,dansator,,,,,,,
People_Jobs,PersonJob,fortune teller,,ghicitoare,,,,,,,
People_Jobs,PersonJob,gardener,,grădinar,,,,,,,
People_Jobs,PersonJob,maid,,menajeră,,,,,,,
People_Jobs,PersonJob,hypnotist,,hipnotizator,,,,,,,
People_Jobs,PersonJob,jeweler,,bijutier,,,,,,,
People_Jobs,PersonJob,poet,,poet,,,,,,,
People_Jobs,PersonJob,cowboy,,cowboy,,,,,,,
People_Jobs,PersonJob,singer,,cântăreț,,,,,,,
People_Jobs,PersonJob,philosopher,,filozof,,,,,,,
People_Jobs,PersonJob,gunslinger,,pistolar,,,,,,,
People_Jobs,PersonJob,sheriff,,șerif,,,,,,,
People_Jobs,PersonJob,archaeologist,,arheolog,,,,,,,
People_Jobs,PersonJob,hacker,,hacker,,,,,,,
People_Jobs,PersonJob,planetologist,,planetolog,,,,,,,
People_Jobs,PersonJob,politician,,politician,,,,,,,
People_Jobs,PersonJob,historian,,istoric,,,,,,,
People_Jobs,PersonJob,writer,,scriitor,,,,,,,
People_Jobs,PersonJob,engineer,,inginer,,,,,,,
People_Jobs,PersonJob,dentist,,dentist,,,,,,,
People_Jobs,PersonJob,lawyer,,avocat,,,,,,,
People_Jobs,PersonJob,chief,,șef,,,,,,,
People_Jobs,PersonJob,warrior,,războinic,,,,,,,
People_Jobs,PersonJob,archer,,arcaș,,,,,,,
People_Jobs,PersonJob,witch doctor,,vrăjitor,,,,,,,
People_Jobs,PersonJob,shaman,,șaman,,,,,,,
PersonalCharacteristics,PersonalCharacteristic,clothes,f,haină,haina,hainei,haino,haine,hainele,hainelor,hainelor
PersonalCharacteristics,PersonalCharacteristic,clothing choices,,alegeri vestimentare,,,,,,,
PersonalCharacteristics,PersonalCharacteristic,fashion knowledge,,cunoștințe de modă,,,,,,,
PersonalCharacteristics,PersonalCharacteristic,stylishness,,eleganță,,,,,,,
PersonalCharacteristics,PersonalCharacteristic,looks,,arată,,,,,,,
PersonalCharacteristics,PersonalCharacteristic,appearance,,aspect,,,,,,,
PersonalCharacteristics,PersonalCharacteristic,height,,înălțime,,,,,,,
PersonalCharacteristics,PersonalCharacteristic,weight,,greutate,,,,,,,
PersonalCharacteristics,PersonalCharacteristic,hair,,păr,,,,,,,
PersonalCharacteristics,PersonalCharacteristic,hairstyle,,coafură,,,,,,,
PersonalCharacteristics,PersonalCharacteristic,facial hair,,părul facial,,,,,,,
PersonalCharacteristics,PersonalCharacteristic,leg hair,,părul de pe picioare,,,,,,,
PersonalCharacteristics,PersonalCharacteristic,face,,față,,,,,,,
PersonalCharacteristics,PersonalCharacteristic,eyes,,ochi,,,,,,,
PersonalCharacteristics,PersonalCharacteristic,nose,,nas,,,,,,,
PersonalCharacteristics,PersonalCharacteristic,ears,,urechi,,,,,,,
PersonalCharacteristics,PersonalCharacteristic,jawline,,maxilarul,,,,,,,
PersonalCharacteristics,PersonalCharacteristic,forehead,,frunte,,,,,,,
PersonalCharacteristics,PersonalCharacteristic,hands,,mâini,,,,,,,
PersonalCharacteristics,PersonalCharacteristic,body,,corp,,,,,,,
PersonalCharacteristics,PersonalCharacteristic,muscles,,mușchi,,,,,,,
PersonalCharacteristics,PersonalCharacteristic,voice,,voce,,,,,,,
PersonalCharacteristics,PersonalCharacteristic,way of speaking,,modul de a vorbi,,,,,,,
PersonalCharacteristics,PersonalCharacteristic,accent,,accent,,,,,,,
PersonalCharacteristics,PersonalCharacteristic,shooting skills,,abilități de fotografiere,,,,,,,
PersonalCharacteristics,PersonalCharacteristic,melee fighting skills,,abilități de luptă corp la corp,,,,,,,
PersonalCharacteristics,PersonalCharacteristic,social skills,,abilități sociale,,,,,,,
PersonalCharacteristics,PersonalCharacteristic,plant growing skills,,abilități de cultivare a plantelor,,,,,,,
PersonalCharacteristics,PersonalCharacteristic,medical skill,,abilități medicale,,,,,,,
PersonalCharacteristics,PersonalCharacteristic,animal taming ability,,abilitatea de îmblânzire a animalelor,,,,,,,
PersonalCharacteristics,PersonalCharacteristic,cooking skill,,abilitatea de a găti,,,,,,,
PersonalCharacteristics,PersonalCharacteristic,construction skill,,abilitate de construcție,,,,,,,
PersonalCharacteristics,PersonalCharacteristic,mining skill,,abilitate de minerit,,,,,,,
PersonalCharacteristics,PersonalCharacteristic,artistic skills,,abilități artistice,,,,,,,
PersonalCharacteristics,PersonalCharacteristic,crafting skills,,abilități de meșteșugărit,,,,,,,
PersonalCharacteristics,PersonalCharacteristic,intellectual skills,,aptitudini intelectuale,,,,,,,
PersonalCharacteristics,PersonalCharacteristic,skills,,aptitudini,,,,,,,
PersonalCharacteristics,PersonalCharacteristic,abilities,,abilități,,,,,,,
PersonalCharacteristics,PersonalCharacteristic,intelligence,,inteligență,,,,,,,
PersonalCharacteristics,PersonalCharacteristic,judgment,,judecată,,,,,,,
PersonalCharacteristics,PersonalCharacteristic,brainpower,,puterea creierului,,,,,,,
PersonalCharacteristics,PersonalCharacteristic,emotional stability,,stabilitate emoțională,,,,,,,
PersonalCharacteristics,PersonalCharacteristic,self-control,,autocontrol,,,,,,,
PersonalCharacteristics,PersonalCharacteristic,usefulness,,utilitate,,,,,,,
PersonalCharacteristics,PersonalCharacteristic,attitude,,atitudine,,,,,,,
PersonalCharacteristics,PersonalCharacteristic,way of walking,,modul de a merge,,,,,,,
PersonalCharacteristics,PersonalCharacteristic,way of thinking,,modul de gândire,,,,,,,
PersonalCharacteristics,PersonalCharacteristic,fighting methods,,metode de luptă,,,,,,,
PersonalCharacteristics,PersonalCharacteristic,learning ability,,capacitatea de învățare,,,,,,,
PersonalCharacteristics,PersonalCharacteristic,diet,,dietă,,,,,,,
PersonalCharacteristics,PersonalCharacteristic,eating habits,,obiceiuri alimentare,,,,,,,
PersonalCharacteristics,PersonalCharacteristic,food preferences,,preferințe alimentare,,,,,,,
PersonalCharacteristics,PersonalCharacteristic,relationship status,,statutul relației,,,,,,,
PersonalCharacteristics,PersonalCharacteristic,age,,vârsta,,,,,,,
PersonalCharacteristics,PersonalCharacteristic,value as a human,,valoarea ca om,,,,,,,
PersonalCharacteristics,PersonalCharacteristic,sense of responsibility,,simțul responsabilității,,,,,,,
PersonalCharacteristics,PersonalCharacteristic,sense of duty,,simțul datoriei,,,,,,,
PersonalCharacteristics,PersonalCharacteristic,honor,,onoare,,,,,,,
PersonalCharacteristics,PersonalCharacteristic,honesty,,onestitate,,,,,,,
PersonalCharacteristics,PersonalCharacteristic,courageousness,,curaj,,,,,,,
PersonalCharacteristics,PersonalCharacteristic,opinions,,opinii,,,,,,,
PersonalCharacteristics,PersonalCharacteristic,beliefs,,convingeri,,,,,,,
PersonalCharacteristics,PersonalCharacteristic,ideas,,idei,,,,,,,
PersonalCharacteristics,PersonalCharacteristic,hopes and dreams,,speranțe și vise,,,,,,,
PersonalCharacteristics,PersonalCharacteristic,ambitions,,ambiții,,,,,,,
PersonalCharacteristics,PersonalCharacteristic,personal habits,,obiceiuri personale,,,,,,,
PersonalCharacteristics,PersonalCharacteristic,personal hygiene,,igiena personală,,,,,,,
PersonalCharacteristics,PersonalCharacteristic,hardiness,,tenacitate,,,,,,,
PersonalCharacteristics,PersonalCharacteristic,personality,,personalitate,,,,,,,
PersonalCharacteristics,PersonalCharacteristic,class,,clasa,,,,,,,
PersonalCharacteristics,PersonalCharacteristic,culture,,cultură,,,,,,,
PersonalCharacteristics,PersonalCharacteristic,recreational preferences,,preferințele de recreere,,,,,,,
PersonalCharacteristics,PersonalCharacteristic,punctuality,,punctualitate,,,,,,,
PersonalCharacteristics,PersonalCharacteristic,generosity,,generozitate,,,,,,,
PersonalCharacteristics,PersonalCharacteristic,bravery,,curaj,,,,,,,
PersonalCharacteristics,PersonalCharacteristic,loyalty,,loialitate,,,,,,,
PersonalCharacteristics,PersonalCharacteristic,honesty,,onestitate,,,,,,,
PersonalCharacteristics,PersonalCharacteristic,kindness,,bunătate,,,,,,,
PersonalCharacteristics,PersonalCharacteristic,eloquence,,elocvență,,,,,,,
PersonalCharacteristics,PersonalCharacteristic,broad-mindedness,,deschidere la minte,,,,,,,
PersonalCharacteristics,PersonalCharacteristic,charm,,farmec,,,,,,,
PersonalCharacteristics,PersonalCharacteristic,sincerity,,sinceritate,,,,,,,
PersonalCharacteristics,PersonalCharacteristic,open-mindedness,,deschidere de spirit,,,,,,,
PersonalCharacteristics,PersonalCharacteristic,origins,,origini,,,,,,,
PersonalCharacteristics,PersonalCharacteristic,parents,,părinți,,,,,,,
PersonalCharacteristics,PersonalCharacteristic,grandparents,,bunici,,,,,,,
PersonalCharacteristics,PersonalCharacteristic,friends,,prieteni,,,,,,,
PersonalCharacteristics,PersonalCharacteristic,family,,familie,,,,,,,
PersonalCharacteristics,PersonalCharacteristic,family background,,mediul familial,,,,,,,
PersonalCharacteristics,PersonalCharacteristic,lovers,,îndrăgostiți,,,,,,,
PoliticalUnions_Outlander,political_union_outlander,union,f,uniune,uniunea,uniunii,uniune,uniuni,uniunile,uniunilor,uniunilor
PoliticalUnions_Outlander,political_union_outlander,nation,,națiunea,,,,,,,
PoliticalUnions_Outlander,political_union_outlander,confederacy,,confreria,,,,,,,
PoliticalUnions_Outlander,political_union_outlander,confederation,,confederația,,,,,,,
PoliticalUnions_Outlander,political_union_outlander,alliance,,alianța,,,,,,,
PoliticalUnions_Outlander,political_union_outlander,kin league,,liga rudelor,,,,,,,
PoliticalUnions_Outlander,political_union_outlander,covenant,,pactul,,,,,,,
PoliticalUnions_Outlander,political_union_outlander,treaty,n,tratat,tratatul,tratatului,tratatule,tratate,tratatele,tratatelor,tratatelor
PoliticalUnions_Outlander,political_union_outlander,pact,,pactul,,,,,,,
PoliticalUnions_Outlander,political_union_outlander,coalition,,coaliția,,,,,,,
PoliticalUnions_Outlander,political_union_outlander,federation,,federația,,,,,,,
PoliticalUnions_Outlander,political_union_outlander,league,,liga,,,,,,,
PoliticalUnions_Outlander,political_union_outlander,compact,,compactul,,,,,,,
PoliticalUnions_Outlander,political_union_outlander,accord,,acordul,,,,,,,
PoliticalUnions_Outlander,political_union_outlander,concord,,concordul,,,,,,,
PoliticalUnions_Outlander,political_union_outlander,amalgamation,,amalgamarea,,,,,,,
PoliticalUnions_Outlander,political_union_outlander,unification,,unificarea,,,,,,,
PoliticalUnions_Tribal,political_union_tribal,union,f,uniune,uniunea,uniunii,uniune,uniuni,uniunile,uniunilor,uniunilor
PoliticalUnions_Tribal,political_union_tribal,nation,,națiunea,,,,,,,
PoliticalUnions_Tribal,political_union_tribal,confederacy,,confreria,,,,,,,
PoliticalUnions_Tribal,political_union_tribal,confederation,,confederația,,,,,,,
PoliticalUnions_Tribal,political_union_tribal,alliance,,alianța,,,,,,,
PoliticalUnions_Tribal,political_union_tribal,kin league,,liga rudelor,,,,,,,
PoliticalUnions_Tribal,political_union_tribal,covenant,,convenția,,,,,,,
PoliticalUnions_Tribal,political_union_tribal,treaty,,tratatul,,,,,,,
PoliticalUnions_Tribal,political_union_tribal,pact,,pactul,,,,,,,
PoliticalUnions_Tribal,political_union_tribal,coalition,,coaliția,,,,,,,
PoliticalUnions_Tribal,political_union_tribal,kinship,,rudenia,,,,,,,
PoliticalUnions_Tribal,political_union_tribal,people,,oamenii,,,,,,,
PoliticalUnions_Tribal,political_union_tribal,tribe,,tribul,,,,,,,
Quests,quest,story,f,poveste,povestea,poveștii,poveste,povești,poveștile,poveștilor,poveștilor
Quests,quest,tale,,poveste,,,,,,,
Quests,quest,adventure,,aventură,,,,,,,
Quests,quest,drama,,dramă,,,,,,,
Quests,quest,fable,,fabulă,,,,,,,
Quests,quest,tale,,poveste,,,,,,,
Quests,quest,chronicle,,cronică,,,,,,,
Quests,quest,parable,,parabolă,,,,,,,
Quests,quest,saga,,saga,,,,,,,
Quests,quest,exploit,,exploatare,,,,,,,
Quests,quest,feat,,feat,,,,,,,
Quests,quest,enterprise,,întreprindere,,,,,,,
Quests,quest,incident,,incident,,,,,,,
Quests,quest,occurrence,,eveniment,,,,,,,
Quests,quest,undertaking,,demers,,,,,,,
Quests,quest,venture,,risc,,,,,,,
Quests,quest,plan,,plan,,,,,,,
Quests,quest,action,,acțiune,,,,,,,
Quests,quest,struggle,,luptă,,,,,,,
Quests,quest,attempt,,încercare,,,,,,,
Quests,quest,effort,,efort,,,,,,,
Quests,quest,encounter,,întâlnire,,,,,,,
Quests,quest,endeavor,,efort,,,,,,,
Quests,quest,scramble,,se agită,,,,,,,
Quests,quest,striving,,străduință,,,,,,,
Quests,quest,toil,,truda,,,,,,,
Quests,quest,goal,,obiectiv,,,,,,,
Quests,quest,quest,,căutare,,,,,,,
Quests,quest,event,,eveniment,,,,,,,
Quests,quest,happening,,se întâmplă,,,,,,,
Stories,story,story,f,poveste,povestea,poveștii,poveste,povești,poveștile,poveștilor,poveștilor
Stories,story,tale,,poveste,,,,,,,
Stories,story,yarn,,fire,,,,,,,
Stories,story,journey,,călătorie,,,,,,,
Stories,story,version,,versiune,,,,,,,
Stories,story,approach,,abordare,,,,,,,
Stories,story,adventure,,aventură,,,,,,,
Stories,story,anecdote,,anecdotă,,,,,,,
Stories,story,article,,articol,,,,,,,
Stories,story,autobiography,,autobiografie,,,,,,,
Stories,story,biography,,biografie,,,,,,,
Stories,story,book,,carte,,,,,,,
Stories,story,comedy,,comedie,,,,,,,
Stories,story,description,,descriere,,,,,,,
Stories,story,drama,,dramă,,,,,,,
Stories,story,fable,,fabulă,,,,,,,
Stories,story,fantasy,,fantezie,,,,,,,
Stories,story,feature,,caracteristică,,,,,,,
Stories,story,fiction,,ficțiune,,,,,,,
Stories,story,history,,istorie,,,,,,,
Stories,story,information,,informații,,,,,,,
Stories,story,legend,,legendă,,,,,,,
Stories,story,memoir,,memorii,,,,,,,
Stories,story,myth,,mit,,,,,,,
Stories,story,narrative,,narațiune,,,,,,,
Stories,story,novel,,roman,,,,,,,
Stories,story,record,,înregistrare,,,,,,,
Stories,story,report,,raport,,,,,,,
Stories,story,tale,,poveste,,,,,,,
Stories,story,tragedy,,tragedie,,,,,,,
Stories,story,version,,versiune,,,,,,,
Stories,story,allegory,,alegorie,,,,,,,
Stories,story,apologue,,apologie,,,,,,,
Stories,story,beat,,bate,,,,,,,
Stories,story,chronicle,,cronică,,,,,,,
Stories,story,cliffhanger,,cliffhanger,,,,,,,
Stories,story,epic,,epic,,,,,,,
Stories,story,folktale,,poveste populară,,,,,,,
Stories,story,gag,,gag,,,,,,,
Stories,story,narration,,narațiune,,,,,,,
Stories,story,parable,,parabolă,,,,,,,
Stories,story,potboiler,,potboiler,,,,,,,
Stories,story,recital,,recital,,,,,,,
Stories,story,relation,,relație,,,,,,,
Stories,story,romance,,romantism,,,,,,,
Stories,story,saga,,saga,,,,,,,
Stories,story,scoop,,linguriță,,,,,,,
Stories,story,sequel,,continuare,,,,,,,
Stories,story,serial,,serial,,,,,,,
Stories,story,spiel,,spiel,,,,,,,
Stories,story,yarn,,fir,,,,,,,
Stories,story,fairy tale,,basm,,,,,,,
Stories,story,old saw,,fierăstrău vechi,,,,,,,
Stories,story,exploit,,exploatare,,,,,,,
Stories,story,experience,,experiență,,,,,,,
Stories,story,feat,,faptă,,,,,,,
Stories,story,scene,,scena,,,,,,,
Stories,story,trip,,călătorie,,,,,,,
Stories,story,chance,,șansă,,,,,,,
Stories,story,contingency,,contingență,,,,,,,
Stories,story,endangerment,,periclitare,,,,,,,
Stories,story,enterprise,,întreprindere,,,,,,,
Stories,story,happening,,se întâmplă,,,,,,,
Stories,story,hazard,,hazard,,,,,,,
Stories,story,incident,,incident,,,,,,,
Stories,story,jeopardy,,pericol,,,,,,,
Stories,story,occurrence,,apariție,,,,,,,
Stories,story,peril,,pericole,,,,,,,
Stories,story,speculation,,speculație,,,,,,,
Stories,story,undertaking,,întreprindere,,,,,,,
Stories,story,venture,,risc,,,,,,,
Stories,story,plan,,plan,,,,,,,
Stories,story,truth,,adevăr,,,,,,,
Stories,story,action,,acțiune,,,,,,,
Stories,story,background,,fundal,,,,,,,
Stories,story,contact,,contact,,,,,,,
Stories,story,involvement,,implicare,,,,,,,
Stories,story,practice,,practică,,,,,,,
Stories,story,reality,,realitate,,,,,,,
Stories,story,struggle,,luptă,,,,,,,
Stories,story,wisdom,,înțelepciune,,,,,,,
Stories,story,attempt,,încercare,,,,,,,
Stories,story,battle,,luptă,,,,,,,
Stories,story,clash,,ciocnire,,,,,,,
Stories,story,combat,,luptă,,,,,,,
Stories,story,conflict,,conflict,,,,,,,
Stories,story,contest,,concurs,,,,,,,
Stories,story,effort,,efort,,,,,,,
Stories,story,encounter,,întâlnire,,,,,,,
Stories,story,endeavor,,efort,,,,,,,
Stories,story,skirmish,,încăierare,,,,,,,
Stories,story,strife,,luptă,,,,,,,
Stories,story,trial,,încercare,,,,,,,
Stories,story,work,,muncă,,,,,,,
Stories,story,essay,,eseu,,,,,,,
Stories,story,grind,,măcinare,,,,,,,
Stories,story,hassle,,bătaie de cap,,,,,,,
Stories,story,jam,,gem,,,,,,,
Stories,story,jump,,salt,,,,,,,
Stories,story,labor,,muncă,,,,,,,
Stories,story,pains,,dureri,,,,,,,
Stories,story,row,,vâslește,,,,,,,
Stories,story,scramble,,agitație,,,,,,,
Stories,story,striving,,străduindu-se,,,,,,,
Stories,story,toil,,truda,,,,,,,
Stories,story,undertaking,,întreprindere,,,,,,,
TalkTopics_Heavy,talktopicheavyfile,childhood,m,copilărie,-,-,-,-,-,-,-
TalkTopics_Heavy,talktopicheavyfile,childhood fears,m,temerile din copilărie,-,-,-,-,-,-,-
TalkTopics_Heavy,talktopicheavyfile,childhood loves,m,iubiri din copilărie,-,-,-,-,-,-,-
TalkTopics_Heavy,talktopicheavyfile,childhood experiences,m,experiențe din copilărie,-,-,-,-,-,-,-
TalkTopics_Heavy,talktopicheavyfile,life,m,viață,-,-,-,-,-,-,-
TalkTopics_Heavy,talktopicheavyfile,life challenges,m,provocările vieții,-,-,-,-,-,-,-
TalkTopics_Heavy,talktopicheavyfile,life's rewards,m,recompensele vieții,-,-,-,-,-,-,-
TalkTopics_Heavy,talktopicheavyfile,life memories,m,amintirile vieții,-,-,-,-,-,-,-
TalkTopics_Heavy,talktopicheavyfile,life goals,m,obiectivele vieții,-,-,-,-,-,-,-
TalkTopics_Heavy,talktopicheavyfile,life regrets,m,regretele vieții,-,-,-,-,-,-,-
TalkTopics_Heavy,talktopicheavyfile,life stresses,m,stresul vieții,-,-,-,-,-,-,-
TalkTopics_Heavy,talktopicheavyfile,the disappointment of life,m,dezamăgirile vieții,-,-,-,-,-,-,-
TalkTopics_Heavy,talktopicheavyfile,the pointlessness of life,m,inutilitatea vieții,-,-,-,-,-,-,-
TalkTopics_Heavy,talktopicheavyfile,the randomness of life,m,cât de la întâmplare e viața,-,-,-,-,-,-,-
TalkTopics_Heavy,talktopicheavyfile,hope,m,speranță,-,-,-,-,-,-,-
TalkTopics_Heavy,talktopicheavyfile,maturity,m,maturitate,-,-,-,-,-,-,-
TalkTopics_Heavy,talktopicheavyfile,adulthood,m,viața de adult,-,-,-,-,-,-,-
TalkTopics_Heavy,talktopicheavyfile,children,m,copii,-,-,-,-,-,-,-
TalkTopics_Heavy,talktopicheavyfile,fear,m,frică,-,-,-,-,-,-,-
TalkTopics_Heavy,talktopicheavyfile,nightmares,m,coșmaruri,-,-,-,-,-,-,-
TalkTopics_Heavy,talktopicheavyfile,success,m,succes,-,-,-,-,-,-,-
TalkTopics_Heavy,talktopicheavyfile,the morality of poverty,m,moralitatea sărăciei,-,-,-,-,-,-,-
TalkTopics_Heavy,talktopicheavyfile,the morality of wealth,m,moralitatea bogăției,-,-,-,-,-,-,-
TalkTopics_Heavy,talktopicheavyfile,death,m,moarte,-,-,-,-,-,-,-
TalkTopics_Heavy,talktopicheavyfile,death's inevitability,m,inevitabilitatea morții,-,-,-,-,-,-,-
TalkTopics_Heavy,talktopicheavyfile,death's release,m,elementul elibrator al morții,-,-,-,-,-,-,-
TalkTopics_Heavy,talktopicheavyfile,life after death,m,viața după moarte,-,-,-,-,-,-,-
TalkTopics_Heavy,talktopicheavyfile,dead loved ones,m,morții cei dragi,-,-,-,-,-,-,-
TalkTopics_Heavy,talktopicheavyfile,absent friends,m,prietenii absenți,-,-,-,-,-,-,-
TalkTopics_Heavy,talktopicheavyfile,charity,m,caritate,-,-,-,-,-,-,-
TalkTopics_Heavy,talktopicheavyfile,philanthropism,m,filantropie,-,-,-,-,-,-,-
TalkTopics_Heavy,talktopicheavyfile,aiding the downtrodden,m,ajutorarea celor defavorizați,-,-,-,-,-,-,-
TalkTopics_Heavy,talktopicheavyfile,helping the sick,m,ajutorarea celor bolnavi,-,-,-,-,-,-,-
TalkTopics_Heavy,talktopicheavyfile,helping the poor,m,ajutorarea celor săraci,-,-,-,-,-,-,-
TalkTopics_Heavy,talktopicheavyfile,aliens,m,străini,-,-,-,-,-,-,-
TalkTopics_Heavy,talktopicheavyfile,alien contact,m,contact extraterestru,-,-,-,-,-,-,-
TalkTopics_Heavy,talktopicheavyfile,alien conspiracies,m,conspirații extraterestre,-,-,-,-,-,-,-
TalkTopics_Heavy,talktopicheavyfile,the absence of aliens,m,absența extratereștrilor,-,-,-,-,-,-,-
TalkTopics_Heavy,talktopicheavyfile,government conspiracies,m,conspirații guvernamentale,-,-,-,-,-,-,-
TalkTopics_Heavy,talktopicheavyfile,religious conspiracies,m,conspirații religioase,-,-,-,-,-,-,-
TalkTopics_Heavy,talktopicheavyfile,the stars,m,stelele,-,-,-,-,-,-,-
TalkTopics_Heavy,talktopicheavyfile,other planets,m,alte planete,-,-,-,-,-,-,-
TalkTopics_Heavy,talktopicheavyfile,this planet,m,această planetă,-,-,-,-,-,-,-
TalkTopics_Heavy,talktopicheavyfile,the scale of the universe,m,scara universului,-,-,-,-,-,-,-
TalkTopics_Heavy,talktopicheavyfile,the age of the universe,m,vârsta universului,-,-,-,-,-,-,-
TalkTopics_Heavy,talktopicheavyfile,the fate of the universe,m,soarta universului,-,-,-,-,-,-,-
TalkTopics_Heavy,talktopicheavyfile,man's spread through the universe,m,răspândirea omului în univers,-,-,-,-,-,-,-
TalkTopics_Heavy,talktopicheavyfile,primitivism,m,primitivism,-,-,-,-,-,-,-
TalkTopics_Heavy,talktopicheavyfile,luddism,m,luddism,-,-,-,-,-,-,-
TalkTopics_Heavy,talktopicheavyfile,technology,m,tehnologie,-,-,-,-,-,-,-
TalkTopics_Heavy,talktopicheavyfile,machine intelligence,m,inteligența mașinilor,-,-,-,-,-,-,-
TalkTopics_Heavy,talktopicheavyfile,artificial intelligence,m,inteligența artificială,-,-,-,-,-,-,-
TalkTopics_Heavy,talktopicheavyfile,computer technology,m,tehnologie informatică,-,-,-,-,-,-,-
TalkTopics_Heavy,talktopicheavyfile,weapons technology,m,tehnologia armelor,-,-,-,-,-,-,-
TalkTopics_Heavy,talktopicheavyfile,society,m,societate,-,-,-,-,-,-,-
TalkTopics_Heavy,talktopicheavyfile,morality,m,moralitate,-,-,-,-,-,-,-
TalkTopics_Heavy,talktopicheavyfile,freedom,m,libertate,-,-,-,-,-,-,-
TalkTopics_Heavy,talktopicheavyfile,law,m,lege,-,-,-,-,-,-,-
TalkTopics_Heavy,talktopicheavyfile,government,m,guvern,-,-,-,-,-,-,-
TalkTopics_Heavy,talktopicheavyfile,rights,m,drepturi,-,-,-,-,-,-,-
TalkTopics_Heavy,talktopicheavyfile,history,m,istorie,-,-,-,-,-,-,-
TalkTopics_Heavy,talktopicheavyfile,terror,m,teroare,-,-,-,-,-,-,-
TalkTopics_Heavy,talktopicheavyfile,terrorism,m,terorism,-,-,-,-,-,-,-
TalkTopics_Heavy,talktopicheavyfile,politics,m,politică,-,-,-,-,-,-,-
TalkTopics_Heavy,talktopicheavyfile,honor,m,onoare,-,-,-,-,-,-,-
TalkTopics_Heavy,talktopicheavyfile,social issues,m,probleme sociale,-,-,-,-,-,-,-
TalkTopics_Heavy,talktopicheavyfile,the market,m,piața,-,-,-,-,-,-,-
TalkTopics_Heavy,talktopicheavyfile,freedom,m,libertate,-,-,-,-,-,-,-
TalkTopics_Heavy,talktopicheavyfile,authoritarianism,m,autoritarism,-,-,-,-,-,-,-
TalkTopics_Heavy,talktopicheavyfile,anarchy,m,anarhie,-,-,-,-,-,-,-
TalkTopics_Heavy,talktopicheavyfile,injustice,m,nedreptate,-,-,-,-,-,-,-
TalkTopics_Heavy,talktopicheavyfile,justice,m,justiție,-,-,-,-,-,-,-
TalkTopics_Heavy,talktopicheavyfile,truth,m,adevăr,-,-,-,-,-,-,-
TalkTopics_Heavy,talktopicheavyfile,tribalism,m,tribalism,-,-,-,-,-,-,-
TalkTopics_Heavy,talktopicheavyfile,ingroup preference,m,preferința de grup,-,-,-,-,-,-,-
TalkTopics_Heavy,talktopicheavyfile,philosophy,m,filosofie,-,-,-,-,-,-,-
TalkTopics_Heavy,talktopicheavyfile,reality,m,realitate,-,-,-,-,-,-,-
TalkTopics_Heavy,talktopicheavyfile,culture,m,cultură,-,-,-,-,-,-,-
TalkTopics_Heavy,talktopicheavyfile,culture differences,m,diferențe culturale,-,-,-,-,-,-,-
TalkTopics_Heavy,talktopicheavyfile,culture shock,m,șoc cultural,-,-,-,-,-,-,-
TalkTopics_Heavy,talktopicheavyfile,human nature,m,natura umană,-,-,-,-,-,-,-
TalkTopics_Heavy,talktopicheavyfile,humanity,m,umanitate,-,-,-,-,-,-,-
TalkTopics_Heavy,talktopicheavyfile,religion,m,religie,-,-,-,-,-,-,-
TalkTopics_Heavy,talktopicheavyfile,the meaning of life,m,sensul vieții,-,-,-,-,-,-,-
TalkTopics_Heavy,talktopicheavyfile,identity,m,identitate,-,-,-,-,-,-,-
TalkTopics_Heavy,talktopicheavyfile,eternity,m,eternitate,-,-,-,-,-,-,-
TalkTopics_Heavy,talktopicheavyfile,monism,m,monism,-,-,-,-,-,-,-
TalkTopics_Heavy,talktopicheavyfile,dualism,m,dualism,-,-,-,-,-,-,-
TalkTopics_Heavy,talktopicheavyfile,epistemology,m,epistemologie,-,-,-,-,-,-,-
TalkTopics_Heavy,talktopicheavyfile,honesty,m,onestitate,-,-,-,-,-,-,-
TalkTopics_Heavy,talktopicheavyfile,freedom of speech,m,libertatea de exprimare,-,-,-,-,-,-,-
TalkTopics_Heavy,talktopicheavyfile,ethnicity,m,etnie,-,-,-,-,-,-,-
TalkTopics_Heavy,talktopicheavyfile,liberalism,m,liberalism,-,-,-,-,-,-,-
TalkTopics_Heavy,talktopicheavyfile,the inevitability of suffering,m,inevitabilitatea suferinței,-,-,-,-,-,-,-
TalkTopics_Heavy,talktopicheavyfile,the nature of knowledge,m,natura cunoașterii,-,-,-,-,-,-,-
TalkTopics_Heavy,talktopicheavyfile,the nature of emotion,m,natura emoțiilor,-,-,-,-,-,-,-
TalkTopics_Heavy,talktopicheavyfile,fate,m,destinul,-,-,-,-,-,-,-
TalkTopics_Heavy,talktopicheavyfile,the fate of mankind,m,soarta omenirii,-,-,-,-,-,-,-
TalkTopics_Heavy,talktopicheavyfile,the fate of the universe,m,soarta universului,-,-,-,-,-,-,-
TalkTopics_Heavy,talktopicheavyfile,art,m,artă,-,-,-,-,-,-,-
TalkTopics_Heavy,talktopicheavyfile,art movements,m,mișcări artistice,-,-,-,-,-,-,-
TalkTopics_Heavy,talktopicheavyfile,artistic ambition,m,ambiția artistică,-,-,-,-,-,-,-
TalkTopics_Heavy,talktopicheavyfile,human aesthetics,m,estetica umană,-,-,-,-,-,-,-
TalkTopics_Heavy,talktopicheavyfile,artistic instincts,m,instincte artistice,-,-,-,-,-,-,-
TalkTopics_Heavy,talktopicheavyfile,art history,m,istoria artei,-,-,-,-,-,-,-
TalkTopics_Heavy,talktopicheavyfile,love,m,dragoste,-,-,-,-,-,-,-
TalkTopics_Heavy,talktopicheavyfile,romance,m,romantism,-,-,-,-,-,-,-
TalkTopics_Heavy,talktopicheavyfile,sexuality,m,sexualitate,-,-,-,-,-,-,-
TalkTopics_Heavy,talktopicheavyfile,sexual morality,m,moralitate sexuală,-,-,-,-,-,-,-
TalkTopics_Heavy,talktopicheavyfile,masculinity,m,masculinitate,-,-,-,-,-,-,-
TalkTopics_Heavy,talktopicheavyfile,femininity,m,feminitate,-,-,-,-,-,-,-
TalkTopics_Heavy,talktopicheavyfile,self-replicating machines,m,mașini care se autoreplică,-,-,-,-,-,-,-
TalkTopics_Heavy,talktopicheavyfile,generation ships,m,nave de generație,-,-,-,-,-,-,-
TalkTopics_Heavy,talktopicheavyfile,Von Neumann probes,m,sondele Von Neumann,-,-,-,-,-,-,-
TalkTopics_Heavy,talktopicheavyfile,archotechnology,m,arhotehnologie,-,-,-,-,-,-,-
TalkTopics_Heavy,talktopicheavyfile,archotechs,m,arhotechs,-,-,-,-,-,-,-
TalkTopics_Heavy,talktopicheavyfile,machine personas,m,persoane mașină,-,-,-,-,-,-,-
TalkTopics_Heavy,talktopicheavyfile,the Johnson-Tanaka drive,m,unitatea Johnson-Tanaka,-,-,-,-,-,-,-
TalkTopics_Heavy,talktopicheavyfile,the Ordo Historia,m,Ordo Historia,-,-,-,-,-,-,-
TalkTopics_Heavy,talktopicheavyfile,old Earth,m,vechiul Pământ,-,-,-,-,-,-,-
TalkTopics_Heavy,talktopicheavyfile,rimworlds,m,rimworlds,-,-,-,-,-,-,-
TalkTopics_Heavy,talktopicheavyfile,coreworlds,m,coreworlds,-,-,-,-,-,-,-
TalkTopics_Heavy,talktopicheavyfile,cryptosleep,m,criptosomnul,-,-,-,-,-,-,-
TalkTopics_Heavy,talktopicheavyfile,cryptosleep tombs,m,mormintele cryptosleep,-,-,-,-,-,-,-
TalkTopics_Heavy,talktopicheavyfile,mechanoids,m,mecanoizi,-,-,-,-,-,-,-
TalkTopics_Heavy,talktopicheavyfile,cannibalism,m,canibalism,-,-,-,-,-,-,-
TalkTopics_Light,talktopiclightfile,the weather,m,vreme,-,-,-,-,-,-,-
TalkTopics_Light,talktopiclightfile,breakfast cereal,m,cereale pentru micul dejun,-,-,-,-,-,-,-
TalkTopics_Light,talktopiclightfile,breakfast,m,micul dejun,-,-,-,-,-,-,-
TalkTopics_Light,talktopiclightfile,dinner,m,cină,-,-,-,-,-,-,-
TalkTopics_Light,talktopiclightfile,food,m,mâncare,-,-,-,-,-,-,-
TalkTopics_Light,talktopiclightfile,lunchtime,m,ora prânzului,-,-,-,-,-,-,-
TalkTopics_Light,talktopiclightfile,eating habits,m,obiceiuri alimentare,-,-,-,-,-,-,-
TalkTopics_Light,talktopiclightfile,salty foods,m,alimente sărate,-,-,-,-,-,-,-
TalkTopics_Light,talktopiclightfile,sweet foods,m,alimente dulci,-,-,-,-,-,-,-
TalkTopics_Light,talktopiclightfile,savory foods,m,alimente sărate,-,-,-,-,-,-,-
TalkTopics_Light,talktopiclightfile,bitter foods,m,alimente amare,-,-,-,-,-,-,-
TalkTopics_Light,talktopiclightfile,favorite haircuts,m,tunsori preferate,-,-,-,-,-,-,-
TalkTopics_Light,talktopiclightfile,favorite clothes,m,haine preferate,-,-,-,-,-,-,-
TalkTopics_Light,talktopiclightfile,hairstyles,m,coafuri,-,-,-,-,-,-,-
TalkTopics_Light,talktopiclightfile,fashion,m,modă,-,-,-,-,-,-,-
TalkTopics_Light,talktopiclightfile,makeup,m,machiaj,-,-,-,-,-,-,-
TalkTopics_Light,talktopiclightfile,beards,m,bărbi,-,-,-,-,-,-,-
TalkTopics_Light,talktopiclightfile,facial hair,m,părul facial,-,-,-,-,-,-,-
TalkTopics_Light,talktopiclightfile,odd jobs,m,locuri de muncă ciudate,-,-,-,-,-,-,-
TalkTopics_Light,talktopiclightfile,kids' games,m,jocuri pentru copii,-,-,-,-,-,-,-
TalkTopics_Light,talktopiclightfile,entertainment,m,divertisment,-,-,-,-,-,-,-
TalkTopics_Light,talktopiclightfile,games,m,jocuri,-,-,-,-,-,-,-
TalkTopics_Light,talktopiclightfile,birthdays,m,zile de naștere,-,-,-,-,-,-,-
TalkTopics_Light,talktopiclightfile,balloons,m,baloane,-,-,-,-,-,-,-
TalkTopics_Light,talktopiclightfile,drunkenness,m,beție,-,-,-,-,-,-,-
TalkTopics_Light,talktopiclightfile,getting drunk,m,a se îmbăta,-,-,-,-,-,-,-
TalkTopics_Light,talktopiclightfile,parties,m,petreceri,-,-,-,-,-,-,-
TalkTopics_Light,talktopiclightfile,vacations,m,vacanțe,-,-,-,-,-,-,-
TalkTopics_Light,talktopiclightfile,beautiful people,m,oameni frumoși,-,-,-,-,-,-,-
TalkTopics_Light,talktopiclightfile,fat people,m,oameni grași,-,-,-,-,-,-,-
TalkTopics_Light,talktopiclightfile,tall people,m,persoane înalte,-,-,-,-,-,-,-
TalkTopics_Light,talktopiclightfile,short people,m,oameni scunzi,-,-,-,-,-,-,-
TalkTopics_Light,talktopiclightfile,guilty pleasures,m,plăceri vinovate,-,-,-,-,-,-,-
TalkTopics_Light,talktopiclightfile,vomiting,m,vărsături,-,-,-,-,-,-,-
TalkTopics_Light,talktopiclightfile,eating,m,mâncarea,-,-,-,-,-,-,-
TalkTopics_Light,talktopiclightfile,swimming,m,înot,-,-,-,-,-,-,-
TalkTopics_Light,talktopiclightfile,sports,m,sport,-,-,-,-,-,-,-
TalkTopics_Light,talktopiclightfile,beaches,m,plaje,-,-,-,-,-,-,-
TalkTopics_Light,talktopiclightfile,animals,m,animale,-,-,-,-,-,-,-
TalkTopics_Light,talktopiclightfile,cute animals,m,animale drăguțe,-,-,-,-,-,-,-
TalkTopics_Light,talktopiclightfile,fat animals,m,animale grase,-,-,-,-,-,-,-
TalkTopics_Light,talktopiclightfile,pets,m,animale de companie,-,-,-,-,-,-,-
TalkTopics_Light,talktopiclightfile,pet peeves,m,animale de companie,-,-,-,-,-,-,-
TalkTopics_Light,talktopiclightfile,life's annoyances,m,neplăcerile vieții,-,-,-,-,-,-,-
TalkTopics_Light,talktopiclightfile,laundry,m,spălătorie,-,-,-,-,-,-,-
TalkTopics_Light,talktopiclightfile,sweating,m,transpirație,-,-,-,-,-,-,-
TalkTopics_Light,talktopiclightfile,hauling,m,transportând,-,-,-,-,-,-,-
TalkTopics_Light,talktopiclightfile,cleaning,m,curățenie,-,-,-,-,-,-,-
TalkTopics_Light,talktopiclightfile,eating without tables,m,mâncarea fără mese,-,-,-,-,-,-,-
TalkTopics_Light,talktopiclightfile,comfortable furniture,m,mobilier confortabil,-,-,-,-,-,-,-
TalkTopics_Light,talktopiclightfile,fine meals,m,mese fine,-,-,-,-,-,-,-
TalkTopics_Light,talktopiclightfile,lavish meals,m,mese somptuoase,-,-,-,-,-,-,-
TalkTopics_Light,talktopiclightfile,pemmican,m,pemmican,-,-,-,-,-,-,-
TalkTopics_Light,talktopiclightfile,horseshoes,m,potcoave de cai,-,-,-,-,-,-,-
TalkTopics_Light,talktopiclightfile,recreation,m,recreere,-,-,-,-,-,-,-
TalkTopics_Light,talktopiclightfile,lovers,m,iubitori,-,-,-,-,-,-,-
TalkTopics_Light,talktopiclightfile,lovin',m,iubitori,-,-,-,-,-,-,-
TalkTopics_Light,talktopiclightfile,healroot,m,healroot,-,-,-,-,-,-,-
TalkTopics_Light,talktopiclightfile,botched surgeries,m,operații ratate,-,-,-,-,-,-,-
TalkTopics_Light,talktopiclightfile,vomiting,m,vărsături,-,-,-,-,-,-,-
TalkTopics_Light,talktopiclightfile,board games,m,jocuri de masă,-,-,-,-,-,-,-
TalkTopics_Light,talktopiclightfile,computer games,m,jocuri pe calculator,-,-,-,-,-,-,-
TalkTopics_Light,talktopiclightfile,television,m,televiziune,-,-,-,-,-,-,-
TalkTopics_Light,talktopiclightfile,poker,m,poker,-,-,-,-,-,-,-
TalkTopics_Light,talktopiclightfile,billiards,m,biliard,-,-,-,-,-,-,-
TalkTopics_Light,talktopiclightfile,spaceships,m,nave spațiale,-,-,-,-,-,-,-
TalkTopics_Light,talktopiclightfile,xenohumans,m,xeno-oameni,-,-,-,-,-,-,-
TerrainFeatures,TerrainFeature,plain,f,câmpie,câmpia,câmpiei,câmpio,câmpii,câmpiile,câmpiilor,câmpiilor
TerrainFeatures,TerrainFeature,expanse,,întindere,,,,,,,
TerrainFeatures,TerrainFeature,grassland,,pășune,,,,,,,
TerrainFeatures,TerrainFeature,plateau,,platou,,,,,,,
TerrainFeatures,TerrainFeature,prairie,,preerie,,,,,,,
TerrainFeatures,TerrainFeature,desert,,deșert,,,,,,,
TerrainFeatures,TerrainFeature,field,,câmp,,,,,,,
TerrainFeatures,TerrainFeature,forest,,pădure,,,,,,,
TerrainFeatures,TerrainFeature,cactus,,cactus,,,,,,,
TerrainFeatures,TerrainFeature,tree,,copac,,,,,,,
TerrainFeatures,TerrainFeature,bush,,tufiș,,,,,,,
TerrainFeatures,TerrainFeature,thicket,,boschet,,,,,,,
TerrainFeatures,TerrainFeature,bramble,,mărăciniș,,,,,,,
TerrainFeatures,TerrainFeature,boulder,,bolovan,,,,,,,
TerrainFeatures,TerrainFeature,rock,,stâncă,,,,,,,
TerrainFeatures,TerrainFeature,quarry,,carieră,,,,,,,
TerrainFeatures,TerrainFeature,stone,,piatră,,,,,,,
TerrainFeatures,TerrainFeature,mountain,,munte,,,,,,,
TerrainFeatures,TerrainFeature,hill,,deal,,,,,,,
TerrainFeatures,TerrainFeature,mesa,,mesa,,,,,,,
TerrainFeatures,TerrainFeature,cliff,,stâncă,,,,,,,
TerrainFeatures,TerrainFeature,bluff,,faleză,,,,,,,
TerrainFeatures,TerrainFeature,crag,,stâncă,,,,,,,
TerrainFeatures,TerrainFeature,ridge,,creastă,,,,,,,
TerrainFeatures,TerrainFeature,valley,,vale,,,,,,,
TerrainFeatures,TerrainFeature,canyon,,canion,,,,,,,
TerrainFeatures,TerrainFeature,gorge,,defileu,,,,,,,
TerrainFeatures,TerrainFeature,oasis,,oază,,,,,,,
TerrainFeatures,TerrainFeature,meadow,,pajiște,,,,,,,
TerrainFeatures,TerrainFeature,cave,,peșteră,,,,,,,
TerrainFeatures,TerrainFeature,river,,râu,,,,,,,
TerrainFeatures,TerrainFeature,stream,,pârâiaș,,,,,,,
TerrainFeatures,TerrainFeature,creek,,pârâu,,,,,,,
TerrainFeatures,TerrainFeature,tributary,,afluent,,,,,,,
TerrainFeatures,TerrainFeature,brook,,pârâu,,,,,,,
TerrainFeatures,TerrainFeature,delta,,deltă,,,,,,,
TerrainFeatures,TerrainFeature,inlet,,intrare,,,,,,,
TerrainFeatures,TerrainFeature,sound,,,,,,,,,
TerrainFeatures,TerrainFeature,cove,,golfuleț,,,,,,,
TerrainFeatures,TerrainFeature,lake,,lac,,,,,,,
TerrainFeatures,TerrainFeature,ocean,,ocean,,,,,,,
TerrainFeatures,TerrainFeature,pond,,iaz,,,,,,,
TerrainFeatures,TerrainFeature,basin,,bazin,,,,,,,
TerrainFeatures,TerrainFeature,lagoon,,lagună,,,,,,,
TerrainFeatures,TerrainFeature,pit,,groapă,,,,,,,
TerrainFeatures,TerrainFeature,swamp,,mlaștină,,,,,,,
TerrainFeatures,TerrainFeature,tarpit,,șanț,,,,,,,
TerrainFeatures,TerrainFeature,mire,,băltoacă,,,,,,,
TreeTypes,TreeType,oak,m,stejar,stejarul,stejarului,stejarule,stejari,stejarii,stejarilor,stejarilor
TreeTypes,TreeType,poplar,,plop,,,,,,,
TreeTypes,TreeType,pine,,pin,,,,,,,
TreeTypes,TreeType,teak,,teak,,,,,,,
TreeTypes,TreeType,cecropia,,cecropia,,,,,,,
TreeTypes,TreeType,palm,,palmier,,,,,,,
TreeTypes,TreeType,bamboo,,bambus,,,,,,,
TreeTypes,TreeType,ash,,frasin,,,,,,,
TreeTypes,TreeType,aspen,,plop,,,,,,,
TreeTypes,TreeType,beech,,fag,,,,,,,
TreeTypes,TreeType,birch,,mesteacăn,,,,,,,
TreeTypes,TreeType,cherry,,cireș,,,,,,,
TreeTypes,TreeType,chestnut,,castan,,,,,,,
TreeTypes,TreeType,cottonwood,,lemn de bumbac,,,,,,,
TreeTypes,TreeType,elm,,ulm,,,,,,,
TreeTypes,TreeType,fir,,brad,,,,,,,
TreeTypes,TreeType,hemlock,,cicuta,,,,,,,
TreeTypes,TreeType,hickory,,carpen,,,,,,,
TreeTypes,TreeType,larch,,larice,,,,,,,
TreeTypes,TreeType,maple,,arțar,,,,,,,
TreeTypes,TreeType,cedar,,cedru,,,,,,,
TreeTypes,TreeType,spruce,,molid,,,,,,,
TreeTypes,TreeType,walnut,,nuc,,,,,,,
TreeTypes,TreeType,willow,,salcie,,,,,,,
Vegetables,Vegetable,carrot,n,morcov,morcovul,morcovului,,morcovi,morcovii,morcovilor,
Vegetables,Vegetable,onion,,ceapă,,,,,,,
Vegetables,Vegetable,turnip,,nap,,,,,,,
Vegetables,Vegetable,gourd,,dovleac,,,,,,,
Vegetables,Vegetable,pumpkin,,dovleac,,,,,,,
Vegetables,Vegetable,cauliflower,,conopidă,,,,,,,
Vegetables,Vegetable,bell pepper,,ardei gras,,,,,,,
Vegetables,Vegetable,pepper,,ardei,,,,,,,
Vegetables,Vegetable,mushroom,,ciuperci,,,,,,,
Vegetables,Vegetable,pea,,mazăre,,,,,,,
Vegetables,Vegetable,artichoke,,anghinare,,,,,,,
Vegetables,Vegetable,eggplant,,vinete,,,,,,,
Vegetables,Vegetable,lentil,,linte,,,,,,,
Vegetables,Vegetable,cabbage,,varză,,,,,,,
Vegetables,Vegetable,beet,,sfeclă roșie,,,,,,,
Vegetables,Vegetable,corn cob,,știulete de porumb,,,,,,,
Vegetables,Vegetable,yam,,cartof dulce,,,,,,,
Vegetables,Vegetable,zucchini,,zucchini,,,,,,,
Weapons,Weapon,dagger,n,cuțit,cuțitul,cuțitului,,cuțite,cuțitele,cuțitelor,
Weapons,Weapon,blade,,lama,,,,,,,
Weapons,Weapon,shiv,,briceag,,,,,,,
Weapons,Weapon,razor,,lama de ras,,,,,,,
Weapons,Weapon,scythe,,coasă,,,,,,,
Weapons,Weapon,sickle,,seceră,,,,,,,
Weapons,Weapon,sword,,sabie,,,,,,,
Weapons,Weapon,sabre,,sabie,,,,,,,
Weapons,Weapon,rapier,,sabie,,,,,,,
Weapons,Weapon,claymore,,claymore,,,,,,,
Weapons,Weapon,scimitar,,scimitar,,,,,,,
Weapons,Weapon,spear,,suliță,,,,,,,
Weapons,Weapon,pike,,lance,,,,,,,
Weapons,Weapon,ikwa,,ikwa,,,,,,,
Weapons,Weapon,lance,,lance,,,,,,,
Weapons,Weapon,bayonet,,baionetă,,,,,,,
Weapons,Weapon,javelin,,suliță,,,,,,,
Weapons,Weapon,axe,,topor,,,,,,,
Weapons,Weapon,tomahawk,,tomahawk,,,,,,,
Weapons,Weapon,hatchet,,toporaș,,,,,,,
Weapons,Weapon,whip,,bici,,,,,,,
Weapons,Weapon,saw,,ferăstrău,,,,,,,
Weapons,Weapon,club,,bâtă,,,,,,,
Weapons,Weapon,hammer,,ciocan,,,,,,,
Weapons,Weapon,sledgehammer,,baros,,,,,,,
Weapons,Weapon,mace,,buzdugan,,,,,,,
Weapons,Weapon,knuckleduster,,ciocan de buzunar,,,,,,,
Weapons,Weapon,gauntlet,,mănușă,,,,,,,
Weapons,Weapon,dart,,săgeată,,,,,,,
Weapons,Weapon,arrow,,săgeată,,,,,,,
Weapons,Weapon,crossbow,,arbaleta,,,,,,,
Weapons,Weapon,bow,,arc,,,,,,,
Weapons,Weapon,gun,,pușcă,,,,,,,
Weapons,Weapon,pistol,,pistol,,,,,,,
Weapons,Weapon,rifle,,carabină,,,,,,,
Weapons,Weapon,shotgun,,pușcă de vânătoare,,,,,,,
Weapons,Weapon,revolver,,revolver,,,,,,,
Weapons,Weapon,cannon,,tun,,,,,,,
Weapons,Weapon,mortar,,mortier,,,,,,,
Weapons,Weapon,howitzer,,obuzier,,,,,,,
Weapons,Weapon,bomb,,bombă,,,,,,,
Weapons,Weapon,nuke,,bombă nucleară,,,,,,,
Weapons,Weapon,landmine,,mină de teren,,,,,,,
Weapons,Weapon,grenade,,grenadă,,,,,,,
Weapons,Weapon,missile,,proiectil,,,,,,,
Weapons,Weapon,rocket,,rachetă,,,,,,,